INSERT INTO Employee (employee_id, user_name, first_name, last_name, position, manager_id, employment_date, email, phone_number, salary, bonus)
VALUES
(1, 'ivan_petrov', 'Іван', 'Петров', 'Менеджер', NULL, '2024-01-15', 'ivanpetrov@gmail.com', '+380501234567', 25000.00, 5000.00),
(2, 'anna_kovalenko', 'Анна', 'Коваленко', 'Продавець', 1, '2024-01-15', 'annakovalenko@gmail.com', '+380671112233', 20000.00, 3000.00),
(3, 'oleksandr_kovalchuk', 'Олександр', 'Ковальчук', 'Продавець', 1, '2024-01-15', 'oleksandrkovalchuk@gmail.com', '+380931234567', 20000.00, NULL),
(4, 'kateryna_ivanova', 'Катерина', 'Іванова', 'Продавець', 1, '2024-01-15', 'katerynaivanova@gmail.com', '+380441234567', 20000.00, 2000.00),
(5, 'serhiy_sidorov', 'Сергій', 'Сидоров', 'Менеджер', NULL, '2024-01-15', 'serhiysidorov@gmail.com', '+380322223344', 25000.00, 4000),
(6, 'yuriy_mazurenko', 'Юрій','Мазуренко','Продавець', 2,'2024-01-17', 'yurijmazurenko@gmail.com', +380364455541, 25000.00, 3000.00),
(7, 'fndriy_demydenko', 'Андрій','Демиденко', 'Продавець', 2, '2024-01-19', 'andrijdemydenko@gmail.com', +380184555727, 25000.00, NULL),
(8, 'orest_kondratyuk', 'Орест','Кондратюк', 'Продавець', 2, '2024-01-20', 'orestkondratyuk@gmail.com', +380635558896, 25000.00, NULL);

INSERT INTO Customer (customer_id, first_name, last_name, phone_number, email, discount, country, city, street, house_number)
VALUES
(1, 'Олексій', 'Козлов', '+380501234500', 'oleksiykozlov@gmail.com', 0.10, 'Україна', 'Київ', 'вул. Хрещатик', 10),
(2, 'Марія', 'Петренко', '+380631112266', 'mariapetrenko@gmail.com', 0.05, 'Україна', 'Львів', 'пр. Свободи', 20),
(3, 'Володимир', 'Сидоренко', '+380991234511', 'volodymyrsidorenko@gmail.com', 0.15, 'Україна', 'Львів', 'пр. Науки', 30),
(4, 'Ірина', 'Мельник', '+380442345678', 'irinamelnik@gmail.com', NULL, 'Україна', 'Івано-Франківськ', 'вул. Декабристів', 40),
(5, 'Анна', 'Козак', '+380322334455', 'annakozak@gmail.com', 0.20, 'Україна', 'Дніпро', 'пр. Гагаріна', 50),
(6, 'Іван', 'Сидоренко', '+380501234501', 'ivansidorenko@gmail.com', 0.10, 'Україна', 'Київ', 'вул. Хрещатик', 11),
(7, 'Марина', 'Ковальчук', '+380631112267', 'marinakovalchuk@gmail.com', 0.05, 'Україна', 'Львів', 'пр. Свободи', 21),
(8, 'Петро', 'Іванов', '+380991234512', 'petroivanov@gmail.com', 0.15, 'Україна', 'Харків', 'вул. Пушкінська', 31),
(9, 'Олена', 'Петренко', '+380442345679', 'olenapetrenko@gmail.com', 0.20, 'Україна', 'Одеса', 'вул. Приморська', 41),
(10, 'Сергій', 'Козлов', '+380322334456', 'sergiykozlov@gmail.com', NULL, NULL, NULL, NULL, NULL),
(11, 'Юлія', 'Мельник', '+380501234502', 'yuliamelnik@gmail.com', 0.10, 'Україна', 'Київ', 'вул. Липки', 12),
(12, 'Валентин', 'Сидоренко', '+380631112268', 'valentinsidorenko@gmail.com', 0.05, 'Україна', 'Львів', 'пр. Площа Ринок', 22),
(13, 'Марія', 'Петрова', '+380991234513', 'mariapetrova@gmail.com', 0.15, 'Україна', 'Харків', 'вул. Лінійна', 32),
(14, 'Олексій', 'Іванов', '+380442345680', 'oleksiyivanov@gmail.com', 0.20, 'Україна', 'Одеса', 'пр. Театральний', 42),
(15, 'Ірина', 'Козлова', '+380322334457', 'irinakozlova@gmail.com', NULL, 'Україна', 'Дніпро', 'пр. Кірова', 52),
(16, 'Каріна', 'Гварадзе', '+380501234503', 'karinagvaradze.com', 0.10, 'Україна', 'Київ', 'вул. Грушевського', 13),
(17, 'Антоніна', 'Мельник', '+380631112269', 'antoninamelnik@gmail.com', 0.05, 'Україна', 'Львів', 'пр. Героїв УПА', 23),
(18, 'Андрій', 'Петренко', '+380991234514', 'andriypetrenko@gmail.com', 0.15, 'Україна', 'Харків', 'вул. Дарвіна', 33),
(19, 'Марина', 'Іванова', '+380442345681', 'marinaivanova@gmail.com', 0.20, 'Україна', 'Одеса', 'пр. Майдан Незалежності', 43),
(20, 'Андрій', 'Козак', '+380322334458', 'andriykozak@gmail.com', NULL, 'Україна', 'Дніпро', 'пр. Перемоги', 53),
(21, 'Анна', 'Сидорова', '+380501234504', 'annasidorova@gmail.com', 0.10, 'Україна', 'Хмельницький', 'вул. Шевченка', 14),
(22, 'Олексій', 'Петров', '+380631112270', 'oleksiyetrov@gmail.com', 0.05, 'Україна', 'Рівне', 'пр. Незалежності', 24),
(23, 'Марія', 'Іваненко', '+380991234515', 'mariaivanenko@gmail.com', 0.15, 'Україна', 'Запоріжжя', 'вул. Соборна', 34),
(24, 'Ігор', 'Коваль', '+380442345682', 'igorkoval@gmail.com', 0.20, NULL, NULL, NULL, NULL),
(25, 'Олена', 'Коваленко', '+380322334459', 'olenakovalenko@gmail.com', NULL, 'Україна', 'Чернівці', 'вул. Грушевського', 54),
(26, 'Максим', 'Петренко', '+380501234505', 'maximpetrenko@gmail.com', 0.10, 'Україна', 'Тернопіль', 'пр. Степана Бандери', 15),
(27, 'Наталія', 'Сидоренко', '+380631112271', 'nataliasidorenko@gmail.com', 0.05, 'Україна', 'Івано-Франківськ', 'вул. Мазепи', 25),
(28, 'Андрій', 'Іванов', '+380991234516', 'andriyivanov@gmail.com', 0.15, NULL, NULL, NULL, NULL),
(29, 'Катерина', 'Ковальчук', '+380442345683', 'katerinakovalchuk@gmail.com', 0.20, 'Україна', 'Луцьк', 'вул. Шевченка', 45),
(30, 'Сергій', 'Петров', '+380322334460', 'sergiypetrov@gmail.com', NULL, 'Україна', 'Херсон', 'пр. Перемоги', 55),
(31, 'Анастасія', 'Іванюк', '+380501234506', 'anastasiyaivanyuk@gmail.com', 0.10, 'Україна', 'Житомир', 'вул. Першотравнева', 16),
(32, 'Віталій', 'Семенов', '+380631112272', 'vitalsemenov@gmail.com', 0.05, 'Україна', 'Кропивницький', 'пр. Соборний', 26),
(33, 'Марія', 'Павленко', '+380991234517', 'mariiapavlenko@gmail.com', 0.15, 'Україна', 'Хмельницький', 'вул. Шевченка', 36),
(34, 'Олександр', 'Сергієнко', '+380442345684', 'oleksandrsergienko@gmail.com', 0.20, 'Україна', 'Львів', 'пр. Свободи', 46),
(35, 'Наталія', 'Коваленко', '+380322334461', 'nataliakovalenko@gmail.com', NULL, 'Україна', 'Запоріжжя', 'вул. Перемоги', 56),
(36, 'Олег', 'Григоренко', '+380501234507', 'oleggrigorenko@gmail.com', 0.10, 'Україна', 'Тернопіль', 'вул. Шевченка', 17),
(37, 'Оксана', 'Петренко', '+380631112273', 'oksana_petrenko@gmail.com', 0.05, 'Україна', 'Івано-Франківськ', 'пр. Грушевського', 27),
(38, 'Павло', 'Кравчук', '+380991234518', 'pavlokavchuk@gmail.com', 0.15, NULL, NULL, NULL, NULL),
(39, 'Руслана', 'Кузьменко', '+380442345685', 'ruslanakuzmenko@gmail.com', 0.20, 'Україна', 'Херсон', 'пр. Задорожна', 47),
(40, 'Світлана', 'Лисенко', '+380322334462', 'svitlanalysenko@gmail.com', NULL, 'Україна', 'Чернівці', 'вул. Шевченка', 57),
(41, 'Сергій', 'Марченко', '+380501234508', 'serhiymarchenko@gmail.com', 0.10, 'Україна', 'Луцьк', 'вул. Перемоги', 18),
(42, 'Тетяна', 'Остапенко', '+380631112274', 'tetyanaostapenko@gmail.com', 0.05, 'Україна', 'Житомир', 'пр. Соборний', 28),
(43, 'Юрій', 'Павленко', '+380991234519', 'yuriypavlenko@gmail.com', 0.15, 'Україна', 'Кропивницький', 'вул. Шевченка', 38),
(44, 'Олена', 'Петренко', '+380442345686', 'olenapetrenko2@gmail.com', 0.20, 'Україна', 'Житомир', 'пр. Свободи', 48),
(45, 'Максим', 'Романов', '+380322334463', 'maximromanov@gmail.com', NULL, 'Україна', 'Тернопіль', 'пр. Незалежності', 58),
(46, 'Наталія', 'Сидоренко', '+380501234509', 'nataliasidorenko2@gmail.com', 0.10, 'Україна', 'Івано-Франківськ', 'вул. Мазепи', 19),
(47, 'Олег', 'Ткаченко', '+380631112275', 'olegtkachenko@gmail.com', 0.05, NULL, NULL, NULL, NULL),
(48, 'Петро', 'Усик', '+380991234520', 'petrousyk@gmail.com', 0.15, 'Україна', 'Херсон', 'вул. Коцюбинського', 39),
(49, 'Роксолана', 'Федоренко', '+380442345687', 'roksolanafedorenko@gmail.com', 0.20, 'Україна', 'Чернівці', 'пр. Грушевського', 49),
(50, 'Сергій', 'Хмельницький', '+380322334464', 'sergiykhmelnytsky@gmail.com', NULL, 'Україна', 'Луцьк', 'пр. Степана Бандери', 59),
(51, 'Ірина', 'Черниш', '+380501234510', 'irynachernysh@gmail.com', 0.10, 'Україна', 'Житомир', 'вул. Соборна', 20),
(52, 'Олег', 'Шевченко', '+380631112276', 'olehshevchenko@gmail.com', 0.05, 'Україна', 'Кропивницький', 'пр. Широка', 30),
(53, 'Петро', 'Юрченко', '+380991234521', 'petroyurchenko@gmail.com', 0.15, 'Україна', 'Хмельницький', 'вул. Пушкінська', 40),
(54, 'Руслана', 'Андрієнко', '+380442345688', 'ruslanaandriyenko@gmail.com', 0.20, 'Україна', 'Львів', 'пр. Театральна', 50),
(55, 'Наталія', 'Білокінь', '+380322334465', 'nataliabilokin@gmail.com', NULL, 'Україна', 'Запоріжжя', 'вул. Гагаріна', 60),
(56, 'Олександр', 'Гончаренко', '+380501234511', 'oleksandrhoncharenko@gmail.com', 0.10, 'Україна', 'Тернопіль', 'пр. Шевченка', 21),
(57, 'Оксана', 'Данилюк', '+380631112277', 'oksana_danyliuk@gmail.com', 0.05, 'Україна', 'Івано-Франківськ', 'вул. Пр. Незалежності', 31),
(58, 'Павло', 'Єрмоленко', '+380991234522', 'pavloyermolenko@gmail.com', 0.15, 'Україна', 'Запоріжжя', 'пр. Грушевського', 41),
(59, 'Руслан', 'Калинчук', '+380442345689', 'ruslankalynchuk@gmail.com', 0.20, 'Україна', 'Херсон', 'вул. Петропавлівська', 51),
(60, 'Надія', 'Козачук', '+380322334466', 'nadiyakozachuk@gmail.com', NULL, 'Україна', 'Чернівці', 'пр. Грушевського', 61),
(61, 'Сергій', 'Кравченко', '+380501234512', 'serhiykravchenko@gmail.com', 0.10, 'Україна', 'Луцьк', 'пр. Петлюри', 22),
(62, 'Тетяна', 'Лещенко', '+380631112278', 'tetyanaleshchenko@gmail.com', 0.05, 'Україна', 'Житомир', 'вул. Івана Франка', 32),
(63, 'Юрій', 'Мазур', '+380991234523', 'yuriymazur@gmail.com', 0.15, NULL, NULL, NULL, NULL),
(64, 'Олена', 'Мельник', '+380442345690', 'olenamelnik@gmail.com', 0.20, 'Україна', 'Львів', 'вул. Шевченка', 52),
(65, 'Максим', 'Нестеренко', '+380322334467', 'maximnesterenko@gmail.com', NULL, 'Україна', 'Тернопіль', 'пр. Лесі Українки', 62),
(66, 'Наталія', 'Олійник', '+380501234513', 'nataliaoliynyk@gmail.com', 0.10, 'Україна', 'Івано-Франківськ', 'вул. Княгині Ольги', 23),
(67, 'Олег', 'Павленко', '+380631112279', 'olegpavlenko@gmail.com', 0.05, NULL, NULL, NULL, NULL),
(68, 'Петро', 'Романчук', '+380991234524', 'petroromanchuk@gmail.com', 0.15, 'Україна', 'Херсон', 'вул. Новенка', 43),
(69, 'Руслан', 'Савченко', '+380442345691', 'ruslansavchenko@gmail.com', 0.20, 'Україна', 'Чернівці', 'пр. Грушевського', 53),
(70, 'Світлана', 'Ткачук', '+380322334468', 'svitlanatkachuk@gmail.com', NULL, 'Україна', 'Луцьк', 'пр. Шевченка', 63),
(71, 'Андрій', 'Михайленко', '+380501234516', 'andriy.mikhaylenko@gmail.com', 0.10, 'Україна', 'Київ', 'вул. Шевченка', 22),
(72, 'Ірина', 'Петренко', '+380631112271', 'iryna.petrova@gmail.com', 0.05, NULL, NULL, NULL, NULL),
(73, 'Андрій', 'Шевченко', '+380991234516', 'andriy.shevchenko@gmail.com', 0.15, NULL, NULL, NULL, NULL),
(74, 'Наталія', 'Іванова', '+380442345683', 'nataliya.ivanova@gmail.com', 0.20, 'Україна', 'Одеса', 'вул. Лінійна', 52),
(75, 'Олександр', 'Мельник', '+380322334460', 'oleksandr.melnyk@gmail.com', NULL, 'Україна', 'Дніпро', 'пр. Соборний', 62),
(76, 'Ірина', 'Сидоренко', '+380501234517', 'iryna.sydorenko@gmail.com', 0.10, 'Україна', 'Київ', 'вул. Лісна', 23),
(77, 'Олег', 'Білоус', '+380631112276', 'oleg.bilous@gmail.com', 0.05, 'Україна', 'Львів', 'вул. Пушкіна', 33),
(78, 'Марія', 'Павлова', '+380991234518', 'maria.pavlova@gmail.com', 0.15, 'Україна', 'Харків', 'пр. Соборний', 43),
(79, 'Сергій', 'Ковальчук', '+380442345684', 'serhiy.kovalchuk@gmail.com', 0.20, 'Україна', 'Одеса', 'вул. Шевченка', 53),
(80, 'Ольга', 'Гончаренко', '+380322334461', 'olha.honcharenko@gmail.com', NULL, 'Україна', 'Чернівці', 'вул. Київська', 63),
(81, 'Максим', 'Петров', '+380501234510', 'maxym.petrov@gmail.com', 0.10, 'Україна', 'Луцьк', 'пр. Шевченка', 24),
(82, 'Ірина', 'Ігнатенко', '+380631112277', 'iryna.ignatenko@gmail.com', 0.05, 'Україна', 'Житомир', 'вул. Гагаріна', 34),
(83, 'Андрій', 'Бондаренко', '+380991234519', 'andriy.bondarenko@gmail.com', 0.15, NULL, NULL, NULL, NULL),
(84, 'Оксана', 'Кузьміненко', '+380442345685', 'oksana.kuzminenko@gmail.com', 0.20, 'Україна', 'Херсон', 'вул. Соборна', 54),
(85, 'Ігор', 'Мартиненко', '+380322334462', 'igor.martynenko@gmail.com', NULL, 'Україна', 'Кривий Ріг', 'вул. Перемоги', 64),
(86, 'Тетяна', 'Красненко', '+380501234511', 'tetyana.krasnenko@gmail.com', 0.10, NULL, NULL, NULL, NULL),
(87, 'Марина', 'Козлова', '+380631112278', 'marina.kozlova@gmail.com', 0.05, 'Україна', 'Миколаїв', 'вул. Героїв Дніпра', 35),
(88, 'Павло', 'Симоненко', '+380991234520', 'pavlo.symonenko@gmail.com', 0.15, NULL, NULL, NULL, NULL),
(89, 'Євгенія', 'Романенко', '+380442345686', 'yevgeniya.romanenko@gmail.com', 0.20, 'Україна', 'Хмельницький', 'пр. Миру', 55),
(90, 'Сергій', 'Жуков', '+380322334463', 'serhiy.zhukov@gmail.com', NULL, 'Україна', 'Черкаси', 'вул. Пушкіна', 65),
(91, 'Анастасія', 'Даниленко', '+380501234512', 'anastasiya.danilenko@gmail.com', 0.10, 'Україна', 'Івано-Франківськ', 'вул. Григоренка', 26),
(92, 'Олександр', 'Мельниченко', '+380631112279', 'oleksandr.melnychenko@gmail.com', 0.05, NULL, NULL, NULL, NULL),
(93, 'Юлія', 'Петренко', '+380991234521', 'yuliya.petrova@gmail.com', 0.15, 'Україна', 'Львів', 'пр. Петлюри', 46),
(94, 'Віталій', 'Іваненко', '+380442345687', 'vitаliy.ivanenko@gmail.com', 0.20, 'Україна', 'Одеса', 'вул. Шкільна', 56),
(95, 'Катерина', 'Лисенко', '+380322334464', 'katerina.lysenko@gmail.com', NULL, 'Україна', 'Дніпро', 'пр. Шевченка', 66),
(96, 'Сергій', 'Остапенко', '+380501234513', 'sergiy.ostapenko@gmail.com', 0.10, 'Україна', 'Київ', 'вул. Проскурівська', 27),
(97, 'Валентина', 'Ткаченко', '+380631112280', 'valentyna.tkachenko@gmail.com', 0.05, 'Україна', 'Львів', 'пр. Миру', 37),
(98, 'Іван', 'Усик', '+380991234522', 'ivan.usyk@gmail.com', 0.15, NULL, NULL, NULL, NULL),
(99, 'Наталія', 'Федоренко', '+380442345688', 'nataliya.fedorenko@gmail.com', 0.20, 'Україна', 'Одеса', 'пр. Гагаріна', 57),
(100, 'Дмитро', 'Хмельницький', '+380322334465', 'dmytro.khmelnytskyi@gmail.com', NULL, 'Україна', 'Львів', 'пр. Петлюри', 41);

INSERT INTO Book (book_id, ISBN, name, price, description_book, type_book, language, genre, number_of_pages)
VALUES
(1, 978-617-679-104-1, 'Одного разу на Різдво', 225.00, 'Чарівна казка перенесе читачів у зимову казку та подарує дух Різдва. У сімействі їжачків триває приготування до святкування Різдва. Казка дає зрозуміти маленьким читачам та слухачам, що Різдво – не просто свято', 'Паперова книга', 'Українська', 'Дитяча література', 36),
(2, 978-966-917-078-1, 'Книга Малий та Карлсон, що живе на даху', 150.00, '"У місті Стокгольмі..." - з цієї фрази розпочинається дивовижна повість, яка полюбилася малятам усього світу. Так от, живе в цьому північномі місті, у звичайному будинку, звичайнісінький Малий, а на даху будинку мешкає незвичайна істота', 'Паперова книга', 'Українська', 'Дитяча література', 128),
(3, 978-617-679-129-4, 'Книга 36 і 6 котів', 350.00, '36 і 6 котів – саме стільки, не більше й не менше, хвостатих героїв Галини Вдовиченко – оселилося одного дощового вечора в помешканні пані Крепової попри її бажання.', 'Паперова книга', 'Українська', 'Дитяча література', 136),
(4, 978-966-240-348-3, "Містерія Венеції", 299.00, "Захоплюючий детектив української письменниці. Головна героїня вирушає до Венеції і опиняється втягнутою у розслідування загадкового злочину.", "Паперова книга", "Українська", "Детектив", 412),
(5, 978-617-698-214-7, "Шерлок Холмс. Собака Баскервілів", 199.00, "Класичний детектив Артура Конана Дойля. Шерлок Холмс розслідує загадкову смерть на болотах Баскервілів.", "Паперова книга", "Українська", "Детектив", 224),
(6, 978-966-955-107-7, "Пригоди Тома Сойєра", 180.00, "Пригоди Тома Сойєра - це класичний роман Марка Твена, який розповідає про життя хлопчика Тома Сойєра в американському містечку XIX століття.", "Паперова книга", "Українська", "Дитяча література", 256),
(7, 978-617-708-358-7, "Аліса в Країні Чудес", 150.00, "Казка Льюїса Керролла про пригоди дівчинки Аліси, яка потрапляє до Країни Чудес, де зустрічає дивовижних істот.", "Паперова книга", "Українська", "Фентезі", 192),
(8, 978-617-708-816-3, "Маленький принц", 130.00, "Поетична повість Антуана де Сент-Екзюпері про хлопчика-принца, який подорожує по різних планетах і знайомиться з їхніми мешканцями.", "Паперова книга", "Українська", "Фентезі", 96),
(9, 978-617-708-403-2, "Гамлет", 200.00, "Трагедія Вільяма Шекспіра про датського принца Гамлета, який прагне помститися за смерть свого батька.", "Паперова книга", "Українська", "Драма", 320),
(10, 978-617-708-404-9, "Володар перснів: Братство Персня", 400.00, "Епічний фентезійний роман Дж. Р. Р. Толкіна про групу хобітів, які вирушають у небезпечну подорож, щоб знищити Єдине Кільце.", "Паперова книга", "Українська", "Фентезі", 880),
(11, 978-617-7279-21-1, "Він — Шерлок Холмс...", 300.00, "Збірка оповідань Артура Конан Дойля про пригоди знаменитого детектива Шерлока Холмса та його вірного друга доктора Ватсона.", "Паперова книга", "Українська", "Детектив", 512),
(12, 978-617-7527-12-5, "Володар перснів: Дві вежі", 430.00, "Друга частина епічної фентезійної трилогії Дж. Р. Р. Толкіна. Фродо і його товариші продовжують свою небезпечну подорож, щоб знищити Єдине Кільце.", "Паперова книга", "Українська", "Фентезі", 960),
(13, 978-617-495-001-9, "Володар перснів: Повернення Короля", 440.00, "Завершальна частина епічної фентезійної трилогії Дж. Р. Р. Толкіна. Доля Середзем'я вирішується у вирішальній битві добра і зла.", "Паперова книга", "Українська", "Фентезі", 1024),
(14, 978-617-7757-47-6, "Солодка Даруся", 240.00, "Історія молодої дівчини Дарусі, яка живе в українському селі на початку XX століття.", "Паперова книга", "Українська", "Роман", 384),
(15, 978-617-7758-04-7, "Забіг", 220.00, "Життя молодого чоловіка Сергія в сучасному Харкові.", "Паперова книга", "Українська", "Роман", 320),
(16, 978-617-7759-12-2, "Музей покинутих секретів", 200.00, "Філософська розповідь про пам'ять, історію та ідентичність.", "Паперова книга", "Українська", "Роман", 416),
(17, 978-617-7811-27-1, 'Судна ніч', 200.00, 'Роман про пригоди моряків і справжнє значення дружби на морі.', 'Паперова книга', 'Українська', 'Пригоди', 336),
(18, 978-617-7859-12-8, 'Три мушкетери', 250.00, 'Класичний пригодницький роман Александра Дюма про мушкетерів у Франції XVII століття.', 'Паперова книга', 'Українська', 'Пригоди', 528),
(19, 978-617-7859-67-8, 'Таємниці Вікторії По', 300.00, 'Серія детективів про відьому-детектива Вікторію По, яка розкриває найскладніші злочини.', 'Паперова книга', 'Українська', 'Детектив', 416),
(20, 978-617-708-810-2, 'Дон Кіхот', 200.00, 'Класичний роман Мігеля де Сервантеса про пригоди невдахи-мрійника Дон Кіхота та його вірного слуги Санчо Панси.', 'Паперова книга', 'Українська', 'Пригоди', 544),
(21, 978-617-708-812-6, 'Портрет Доріана Грея', 150.00, 'Філософський роман Оскара Уайльда про цінність мистецтва та вплив моралі на людину.', 'Паперова книга', 'Українська', 'Роман', 256),
(22, 978-617-709-914-0, '1984', 300.00, 'Роман Джорджа Орвелла про тоталітарний світ майбутнього, де кожен крок громадяни перебувають під наглядом держави.', 'Паперова книга', 'Англійська', 'Фантастика', 352),
(23, 978-617-7865-99-9, 'Убити пересмішника', 289.00, 'Роман Харпера Лі про расові пристрасті, дружбу та любов у південних штатах США в 1930-х роках.', 'Паперова книга', 'Англійська', 'Роман', 416),
(26, 978-617-679-141-6, 'Великий Гетсбі', 280.00, 'Роман Френсіса Скотта Фіцджеральда, що розповідає історію американського суспільства 1920-х років через призму долі мільйонера.', 'Паперова книга', 'Англійська', 'Роман', 288),
(28, 978-617-679-146-1, 'Понеділок починається в суботу', 270.00, 'Фантастичний роман братьоів Стругацьких, який розповідає про події в особливому науковому інституті.', 'Паперова книга', 'Англійська', 'Фантастика', 336),
(30, 978-617-679-149-2, 'Крадіжка в музеї', 250.00, 'Детективний роман про крадіжку шедеврів мистецтва та розслідування злочину.', 'Паперова книга', 'Англійська', 'Детектив', 256),
(31, 978-617-679-151-5, 'Гра Престолів', 370.00, 'Епічний фентезійний роман Джорджа Р. Р. Мартіна про боротьбу за трони Сімейства у Вестеросі.', 'Паперова книга', 'Англійська', 'Фентезі', 896),
(32, 978-617-678-147-9, 'Король-шут', 270.00, 'Фантастична книга про феодальне суспільство, де королі і шутки виявляються нерозривними.', 'Паперова книга', 'Англійська', 'Фантастика', 320),
(33, 978-617-674-157-1, 'Пісня льоду і вогню: Гра Престолів', 389.00, 'Перша книга у серії епічних романів, які розповідають про боротьбу за трони Сімейства у Вестеросі.', 'Паперова книга', 'Українська', 'Фентезі', 864),
(34, 978-617-7960-30-9, 'Для стосунків потрібні двоє', 320.00, 'Коли вирішуємо будувати стосунки, ми маємо запамятати: правильних рецептів не існує, кожен торуватиме свій неповторний шлях. Хтось одружиться, а хтось будуватиме довготривалі взаємини без офіційної реєстрації шлюбу..', 'Паперова книга', 'Українська', 'Психологія', 280),
(35, 978-617-7960-30-9, 'Для стосунків потрібні двоє', 160.00, 'Коли вирішуємо будувати стосунки, ми маємо запамятати: правильних рецептів не існує, кожен торуватиме свій неповторний шлях. Хтось одружиться, а хтось будуватиме довготривалі взаємини без офіційної реєстрації шлюбу..', 'Електронна книга', 'Українська', 'Психологія', 280),
(36, 978-966-942-514-0, 'Покинь якщо кохаєш', 330.00, 'Яскравий сюжет роману виявляється вдалою ширмою, за якою поміщено міркування про актуальні суспільно-психологічні проблеми, одна з яких — насильство в сім’ї. Головна героїня Лілі втрачає тата й знову поринає в спогади про непросте дитинство.', 'Паперова книга', 'Українська', 'Роман', 352),
(37, 978-966-942-514-0, 'Покинь якщо кохаєш', 290.00, 'Яскравий сюжет роману виявляється вдалою ширмою, за якою поміщено міркування про актуальні суспільно-психологічні проблеми, одна з яких — насильство в сім’ї. Головна героїня Лілі втрачає тата й знову поринає в спогади про непросте дитинство.', 'Електронна книга', 'Українська', 'Роман', 352),
(38, 978-139-852-155-1, 'It Ends With Us', 1000.00, 'With a delicate foiled cover, exclusive board and sprayed edge design, as well as an exclusive interview with Colleen and her mother, dont miss this beautiful collectors edition.', 'Паперова книга', 'Англлійська', 'Роман', 384),
(39, 978-617-679-153-9, 'Збройні танці', 390.00, 'Продовження епічного роману про боротьбу за трони Сімейства у Вестеросі.', 'Паперова книга', 'Українська', 'Фентезі', 1100),
(40, 978-617-679-156-0, 'Пекло', 350.00, 'Перша книга у серії, яка розповідає про подорож у преісторичний світ.', 'Паперова книга', 'Українська', 'Фантастика', 400),
(41, 978-617-679-157-7, 'Огненний світ', 370.00, 'Продовження пригодницького роману про подорож у преісторичний світ.', 'Паперова книга', 'Українська', 'Фантастика', 450),
(42, 978-617-679-158-4, 'Психологія успіху', 200.00, 'Ця книга досліджує ключові принципи успішної психології та шляхи до досягнення високих результатів у різних сферах життя.', 'Паперова книга', 'Українська', 'Психологія', 320),
(43, 978-617-679-159-1, 'Таємниці підсвідомості', 250.00, 'Книга розглядає різні аспекти підсвідомого розуму та його вплив на поведінку і рішення людини.', 'Паперова книга', 'Українська', 'Психологія', 384),
(44, 978-617-679-160-7, 'Психологія відносин', 180.00, 'Ця книга допоможе зрозуміти основні принципи міжособистісних взаємодій і покращити відносини з близькими та колегами.', 'Паперова книга', 'Українська', 'Психологія', 256),
(45, 978-617-679-161-4, 'Психологія розвитку', 300.00, 'Ця книга охоплює різноманітні аспекти психології розвитку від дитинства до старості та досліджує основні етапи розвитку людини.', 'Паперова книга', 'Українська', 'Психологія', 432),
(46, 978-617-679-162-1, 'Психологія самовдосконалення', 220.00, 'Ця книга пропонує практичні поради та методи самовдосконалення, які допоможуть досягти більшої гармонії та успіху в житті.', 'Паперова книга', 'Українська', 'Психологія', 320),
(47, 978-0-312-45152-4, 'Eat, Pray, Love', 900.00, 'A memoir by American author Elizabeth Gilbert. It chronicles the authors trip around the world after her divorce and what she discovered during her travels.', 'Паперова книга', 'Англійська', 'Історія', 352),
(48, 978-0-385-34681-7, 'The Catcher in the Rye', 880.00, 'A novel by American author J.D. Salinger, originally published in 1951. It is known for its themes of teenage angst, alienation, and rebellion.', 'Паперова книга', 'Англійська', 'Фентезі', 277),
(49, 978-1-4165-9669-9, 'To Kill a Mockingbird', 790.00, 'A novel by American author Harper Lee, published in 1960. It explores themes of racial injustice and moral growth through the eyes of young Scout Finch.', 'Паперова книга', 'Англійська', 'Фентезі', 336),
(50, 978-0-446-31367-3, 'The Great Gatsby', 1050.00, 'A novel by American author F. Scott Fitzgerald, published in 1925. It is considered a masterpiece of American literature and explores themes of decadence, idealism, and excess.', 'Паперова книга', 'Англійська', 'Фентезі', 180),

(51, 978-0-316-07740-2, 'The Power of Habit', 470.00, 'A book by American journalist Charles Duhigg. It explores the science behind why habits exist and how they can be changed.', 'Електронна книга', 'Англійська', 'Психологія', 371),
(52, 978-617-7865-05-6, 'Атомні звички', 150.00, 'Джеймс Клір досліджує, як невеликі зміни можуть призвести до вражаючих результатів, будуючи добрі звички та позбавляючись поганих.', 'Електронна книга', 'Українська', 'Психологія', 319),
(53, 978-617-7865-06-3, 'Швидке та повільне мислення', 200.00, 'Деніел Канеман досліджує дві системи, які керують нашим мисленням: швидка, інтуїтивна Система 1 та повільна, обдумана Система 2.', 'Електронна книга', 'Українська', 'Психологія', 499),
(54, 978-617-7865-07-0, 'Мить: Сила миттєвого мислення', 150.00, 'Малкольм Гладуелл досліджує підсвідомі процеси, які формують наші рішення, демонструючи силу "мислення без мислення".', 'Електронна книга', 'Українська', 'Психологія', 296),
(55, 978-617-7865-08-7, 'Пошук сенсу', 210.00, 'Віктор Франкл розмірковує над своїми досвідами в якості вижившого Голокосту та розробляє свій психотерапевтичний метод - логотерапію.', 'Електронна книга', 'Українська', 'Історія', 184),
(56, 978-617-7865-09-4, 'Тонка мистецтво бути байдужим', 180.00, 'Марк Менсон викликає звичайні поради з саморозвитку своїм безпосереднім та прямолінійним підходом до життя.', 'Електронна книга', 'Українська', 'Психологія', 212),

(57, 978-617-7865-10-0, 'Код да Вінчі', 350.00, 'Ден Браун вводить нас в світ таємниць, змов та загадок, коли професор релігії вирішує розгадати загадку вбивства та викрадення картини Леонардо да Вінчі.', 'Паперова книга', 'Українська', 'Детектив', 528),
(58, 978-617-7865-11-7, 'Сім', 270.00, 'Агата Крісті створює майстерну інтригу, де головний герой вирішує встановити справжнього вбивцю, розкривши таємницю числа 7.', 'Паперова книга', 'Українська', 'Детектив', 336),
(59, 978-617-7865-12-4, 'Парфуми', 290.00, 'Патрік Зюскінд підносить нас до світу ароматів та запахів, де головний герой вирішує стати найвідомішим парфумером, використовуючи моторика.', 'Паперова книга', 'Українська', 'Детектив', 256),
(60, 978-617-7865-13-1, 'Тінь вітру', 300.00, 'Карлос Руїс Сафон створює захоплюючий світ книг та таємниць, де хлопчик виявляє таємницю покинутої книги.', 'Паперова книга', 'Українська', 'Детектив', 430),
(61, 978-617-7865-14-8, 'Викрадене щастя', 280.00, 'Гарет Рубіо вивчає психологію викрадення щастя, коли герой вирішує знайти злочинця, який вкрав його щасливий момент.', 'Паперова книга', 'Українська', 'Детектив', 320),
(62, 978-617-7865-10-0, 'Код да Вінчі', 250.00, 'Ден Браун вводить нас в світ таємниць, змов та загадок, коли професор релігії вирішує розгадати загадку вбивства та викрадення картини Леонардо да Вінчі.', 'Електронна книга', 'Українська', 'Детектив', 528),
(63, 978-617-7865-11-7, 'Сім', 170.00, 'Агата Крісті створює майстерну інтригу, де головний герой вирішує встановити справжнього вбивцю, розкривши таємницю числа 7.', 'Паперова книга', 'Електронна книга', 'Детектив', 336),
(64, 978-617-7865-12-4, 'Парфуми', 190.00, 'Патрік Зюскінд підносить нас до світу ароматів та запахів, де головний герой вирішує стати найвідомішим парфумером, використовуючи моторика.', 'Електронна книга', 'Українська', 'Детектив', 256),
(65, 978-617-7865-13-1, 'Тінь вітру', 200.00, 'Карлос Руїс Сафон створює захоплюючий світ книг та таємниць, де хлопчик виявляє таємницю покинутої книги.', 'Електронна книга', 'Українська', 'Детектив', 430),
(66, 978-617-7865-14-8, 'Викрадене щастя', 180.00, 'Гарет Рубіо вивчає психологію викрадення щастя, коли герой вирішує знайти злочинця, який вкрав його щасливий момент.', 'Електронна книга', 'Українська', 'Детектив', 320),

(67, 978-617-7865-15-5, 'Таємниця старого будинку', 240.00, 'Джорджетт Хейер пропонує нам розгадати таємницю старого будинку, де героїня стикається з серією дивних подій.', 'Паперова книга', 'Українська', 'Детектив', 288),
(68, 978-617-7865-16-2, 'Світло, що ми втрачаємо', 230.00, 'Лора Ліппман досліджує зникнення молодої дівчини та вирішує встановити правду, розкриваючи внутрішній світ міста та його мешканців.', 'Паперова книга', 'Українська', 'Детектив', 352),
(69, 978-617-7865-17-9, 'Тіні у підземеллях', 250.00, 'Тесс Джеррітсен поглиблюється в темряву підземелля, де виявляються тіні минулого та сучасні злочини, які потрібно розкрити.', 'Паперова книга', 'Українська', 'Детектив', 432),
(70, 978-617-7865-18-6, 'Містерія дамського візиту', 260.00, 'Джудіт Філіпс розповідає про незвичайні обставини візиту дами, яка змушує детектива вирішити загадку зникнення дорогоцінного кулону.', 'Паперова книга', 'Українська', 'Детектив', 304),
(71, 978-617-7865-19-3, 'Пан Джин', 300.00, 'Чингіз Айтматов розповідає про виявлення таємниці старого пана, який живе в таємничому будинку, та про події, які відбуваються навколо нього.', 'Паперова книга', 'Українська', 'Детектив', 384),
(72, 978-617-7865-15-5, 'Таємниця старого будинку', 140.00, 'Джорджетт Хейер пропонує нам розгадати таємницю старого будинку, де героїня стикається з серією дивних подій.', 'Електронна книга', 'Українська', 'Детектив', 288),
(73, 978-617-7865-16-2, 'Світло, що ми втрачаємо', 130.00, 'Лора Ліппман досліджує зникнення молодої дівчини та вирішує встановити правду, розкриваючи внутрішній світ міста та його мешканців.', 'Електронна книга', 'Українська', 'Детектив', 352),
(74, 978-617-7865-17-9, 'Тіні у підземеллях', 150.00, 'Тесс Джеррітсен поглиблюється в темряву підземелля, де виявляються тіні минулого та сучасні злочини, які потрібно розкрити.', 'Електронна книга', 'Українська', 'Детектив', 432),
(75, 978-617-7865-18-6, 'Містерія дамського візиту', 160.00, 'Джудіт Філіпс розповідає про незвичайні обставини візиту дами, яка змушує детектива вирішити загадку зникнення дорогоцінного кулону.', 'Електронна книга', 'Українська', 'Детектив', 304),
(76, 978-617-7865-19-3, 'Пан Джин', 170.00, 'Чингіз Айтматов розповідає про виявлення таємниці старого пана, який живе в таємничому будинку, та про події, які відбуваються навколо нього.', 'Електронна книга', 'Українська', 'Детектив', 384),

(77, 978-617-12-3835-5, '7 навичок високої ефективності', 330.00, 'Класична книга, що пропонує сім принципів високої ефективності для досягнення успіху у житті та роботі.', 'Паперова книга', 'Українська', 'Саморозвиток', 448),
(78, 978-0-671-02723-7, 'Я - краща', 350.00, 'Практичний посібник для саморозвитку, що допомагає змінити життя на краще та досягти власної мети.', 'Паперова книга', 'Українська', 'Саморозвиток', 320),
(79, 978-617-12-3835-5, '7 навичок високої ефективності', 210.00, 'Класична книга, що пропонує сім принципів високої ефективності для досягнення успіху у житті та роботі.', 'Електронна книга', 'Українська', 'Саморозвиток', 448),
(80, 978-0-671-02723-7, 'Я - краща', 150.00, 'Практичний посібник для саморозвитку, що допомагає змінити життя на краще та досягти власної мети.', 'Електронна книга', 'Українська', 'Саморозвиток', 320),

(81, 978-0-06-231500-2, 'Мислити як папа', 390.00, 'Книга, що розкриває секрети успіху одного з найбільших інвесторів у світі - Уоррена Баффетта.', 'Паперова книга', 'Англійська', 'Саморозвиток', 288),
(82, 978-0-593-09586-9, 'Магія ранку', 380.00, 'Посібник, що пропонує принципи та практики, які допоможуть вам зробити кожен день вдалим і продуктивним.', 'Паперова книга', 'Англійська', 'Саморозвиток', 366),
(83, 978-0-06-231500-2, 'Мислити як папа', 210.00, 'Книга, що розкриває секрети успіху одного з найбільших інвесторів у світі - Уоррена Баффетта.', 'Електронна книга', 'Англійська', 'Саморозвиток', 288),
(84, 978-0-593-09586-9, 'Магія ранку', 180.00, 'Посібник, що пропонує принципи та практики, які допоможуть вам зробити кожен день вдалим і продуктивним.', 'Електронна книга', 'Англійська', 'Саморозвиток', 366),

(85, 978-0143126560, 'Мислити швидко і повільно', 320.00, 'Дослідження роботи розуму і процесів мислення.', 'Паперова книга', 'Українська', 'Психологія', 528),
(86, 978-1585424337, 'Поток', 280.00, 'Вивчення феномену потоку - стану психічної концентрації та насолоди.', 'Паперова книга', 'Українська', 'Психологія', 303),
(87, 978-0062515674, 'Сила речей, що рухаються', 350.00, 'Відкриття того, як наш розум впливає на наші дії і вибори.', 'Паперова книга', 'Українська', 'Психологія', 337),
(88, 978-1935251732, 'Анатомія мотивації', 290.00, 'Дослідження природи мотивації та її впливу на наше життя і досягнення.', 'Паперова книга', 'Українська', 'Психологія', 258),
(89, 978-0307465356, 'Інтелектуальний дім', 280.00, 'Дослідження розуму та його можливостей в різних сферах життя.', 'Паперова книга', 'Українська', 'Психологія', 688),
(90, 978-0143126560, 'Мислити швидко і повільно', 120.00, 'Дослідження роботи розуму і процесів мислення.', 'Електронна книга', 'Українська', 'Психологія', 528),
(91, 978-1585424337, 'Поток', 180.00, 'Вивчення феномену потоку - стану психічної концентрації та насолоди.', 'Електронна книга', 'Українська', 'Психологія', 303),
(92, 978-0062515674, 'Сила речей, що рухаються', 220.00, 'Відкриття того, як наш розум впливає на наші дії і вибори.', 'Електронна книга', 'Українська', 'Психологія', 337),
(93, 978-1935251732, 'Анатомія мотивації', 200.00, 'Дослідження природи мотивації та її впливу на наше життя і досягнення.', 'Електронна книга', 'Українська', 'Психологія', 258),
(94, 978-0307465356, 'Інтелектуальний дім', 200.00, 'Дослідження розуму та його можливостей в різних сферах життя.', 'Електронна книга', 'Українська', 'Психологія', 688),

(95, 978-966-7047-37-5, 'Маленький принц', 180.00, 'Філософська казка про дружбу, кохання і життя.', 'Паперова книга', 'Українська', 'Дитяча література', 104),
(96, 978-966-03-5772-8, 'Лісовий цар', 150.00, 'Пригодницька казка про дружбу та вірність.', 'Паперова книга', 'Українська', 'Дитяча література', 224),
(97, 978-966-426-243-1, 'Казки на ніч', 210.00, 'Збірка казок для читання перед сном.', 'Паперова книга', 'Українська', 'Дитяча література', 176),
(98, 978-617-7530-47-5, 'Ведмідь Паддінгтон', 250.00, 'Класична історія про ведмедя Паддінгтона та його пригоди в Лондоні.', 'Паперова книга', 'Українська', 'Дитяча література', 160),
(99, 978-966-400-109-6, 'Мумі-тролі', 190.00, 'Серія книг про життя і пригоди різноманітних персонажів у вигаданому світі.', 'Паперова книга', 'Українська', 'Дитяча література', 304),
(100, 978-966-7047-37-5, 'Маленький принц', 180.00, 'Філософська казка про дружбу, кохання і життя.', 'Електронна книга', 'Українська', 'Дитяча література', 104),
(101, 978-966-03-5772-8, 'Лісовий цар', 150.00, 'Пригодницька казка про дружбу та вірність.', 'Електронна книга', 'Українська', 'Дитяча література', 224),
(102, 978-966-426-243-1, 'Казки на ніч', 210.00, 'Збірка казок для читання перед сном.', 'Електронна книга', 'Українська', 'Дитяча література', 176),
(103, 978-617-7530-47-5, 'Ведмідь Паддінгтон', 250.00, 'Класична історія про ведмедя Паддінгтона та його пригоди в Лондоні.', 'Електронна книга', 'Українська', 'Дитяча література', 160),
(104, 978-966-400-109-6, 'Мумі-тролі', 190.00, 'Серія книг про життя і пригоди різноманітних персонажів у вигаданому світі.', 'Електронна книга', 'Українська', 'Дитяча література', 304),

(105, 978-617-12-1234-5, 'Тіні гори', 310.00, 'Епічний роман про пригоди в гірських краях і пошуки себе.', 'Паперова книга', 'Українська', 'Роман', 480),
(106, 978-0-14-243717-9, 'Мобі Дік', 350.00, 'Класичний роман про катастрофічну судьбу корабля та загадкового кита.', 'Паперова книга', 'Англійська', 'Роман', 624),
(107, 978-617-12-9862-1, 'Великий Гетсбі', 350.00, 'Роман про відродження Американської мрії у 1920-х роках і його руйнування.', 'Паперова книга', 'Українська', 'Роман', 320),
(108, 978-5-699-79782-5, 'Айвенго', 380.00, 'Історичний роман про середньовічне життя та пригоди на фоні англійських війн.', 'Паперова книга', 'Українська', 'Роман', 384),
(109, 978-617-12-3987-6, 'Марія', 290.00, 'Роман про кохання і страждання, яке випробовує молоду дівчину в непростих умовах.', 'Паперова книга', 'Українська', 'Роман', 416), 

(110, 978-617-12-1234-5, 'Тіні гори', 210.00, 'Епічний роман про пригоди в гірських краях і пошуки себе.', 'Електронна книга', 'Українська', 'Роман', 480),
(111, 978-0-14-243717-9, 'Мобі Дік', 250.00, 'Класичний роман про катастрофічну судьбу корабля та загадкового кита.', 'Електронна книга', 'Англійська', 'Роман', 624),
(112, 978-617-12-9862-1, 'Великий Гетсбі', 250.00, 'Роман про відродження Американської мрії у 1920-х роках і його руйнування.', 'Електронна книга', 'Українська', 'Роман', 320),
(113, 978-5-699-79782-5, 'Айвенго', 180.00, 'Історичний роман про середньовічне життя та пригоди на фоні англійських війн.', 'Електронна книга', 'Українська', 'Роман', 384),
(114, 978-617-12-3987-6, 'Марія', 190.00, 'Роман про кохання і страждання, яке випробовує молоду дівчину в непростих умовах.', 'Електронна книга', 'Українська', 'Роман', 416), 

(115, 978-617-12-1234-5, 'Загадка трьох ключів', 280.00, 'Пригодницький роман про тріо друзів, які шукають загублені ключі до скарбу.', 'Паперова книга', 'Українська', 'Пригоди', 352),
(116, 978-0-14-243717-9, 'Велика мандрівка', 440.00, 'Епічний роман про подорож трьох відважних мандрівників у небезпечні країни.', 'Паперова книга', 'Англійська', 'Фантастика', 512),
(117, 978-617-12-9862-1, 'Таємниця старовинного замку', 210.00, 'Роман про відважних героїв, які розкривають таємницю давнього замку та його прокляття.', 'Паперова книга', 'Українська', 'Фентезі', 416),
(118, 978-5-699-79782-5, 'Подорож у невідоме', 260.00, 'Фантастичний роман про трьох друзів, які вирушають у подорож у невідоме, де чекають неймовірні пригоди.', 'Паперова книга', 'Англійська', 'Фантастика', 320),
(119, 978-617-12-3987-6, 'Таємниці старого міста', 270.00, 'Пригодницький роман про трьох юних детективів, які розкривають таємниці старого міста.', 'Паперова книга', 'Українська', 'Детектив', 384),
(120, 978-617-12-7654-3, 'Таємниця витончених історій', 590.00, 'Пригодницький роман про групу друзів, які вирішують таємницю зниклих витончених історій.', 'Паперова книга', 'Анлійська', 'Пригоди', 368);

INSERT INTO Author (author_id, first_name, last_name, date_birth)
VALUES
(1, 'Надійка', 'Гербіш', '1987-12-12'),
(2, 'Юлія', 'Пилипчатіна', '1994-09-27'),
(3, 'Астрід', 'Ліндгрен', '1959-11-14'),
(4, 'Галина', 'Вдовиченко', '1990-03-21'),

(5, 'Софія', 'Андрухович', '1962-02-15'),
(6, 'Артур', 'Конан Дойль', '1859-05-22'),
(7, 'Марк', 'Твен', '1835-11-30'),
(8, 'Льюїс', 'Керролл', '1832-01-27'),
(9, 'Антуан де', 'Сент-Екзюпері', '1900-06-20'),
(10, 'Вільям', 'Шекспір', '1564-04-26'),
(11, 'Дж. Р. Р.', 'Толкін', '1892-01-03'),
(12, 'Марія', 'Матіос', '1959-02-19'),
(13, 'Сергій', 'Жадан', '1974-08-26'),
(14, 'Оксана', 'Забужко', '1960-09-19'),
(15, 'Джозеф', 'Конрад', '1857-12-03'),
(16, 'Александр', 'Дюма', '1802-07-24'),
(17, 'Кароліна', 'Набокова', '1983-09-12'),
(18, 'Мігель де', 'Сервантес', '1547-09-29'),
(19, 'Оскар', 'Уайльд', '1854-10-16'),
(20, 'Джордж', 'Орвелл', '1903-06-25'),
(21, 'Харпер', 'Лі', '1926-04-28'),
(22, 'Френсіс Скотт', 'Фіцджеральд', '1896-09-24'),
(23, 'Аркадій', 'Стругацький', '1925-08-28'),
(24, 'Борис', 'Стругацький', '1933-04-15'),
(25, 'Джордж Р.', 'Р. Мартін', '1948-09-20'),
(26, 'Марк', 'Левін', '1951-09-15'),
(27, 'Володимир', 'Станчишин', '1986-09-18'),
(28, 'Колін', 'Гувер', '1979-12-11'),
(29, 'Джозеф', 'Блейз', '1954-07-29'),
(30, 'Джон', 'Доу', '1967-04-15'),
(31, 'Емілі', 'Роуз', '1975-12-08'),
(32, 'Браян', 'Трейсі', '1944-01-05'),
(33, 'Луїза', 'Гей', '1946-03-29'),
(34, 'Джон', 'Грей', '1945-12-19'),
(35, 'Дейл', 'Карнегі', '1888-11-24'),
(36, 'Майкл', 'Гелб', '1952-07-28'),
(37, 'Елізабет', 'Гільберт', '1969-07-18'),
(38, 'Джером Девід', 'Селінджер', '1919-01-01'),
(39, 'Гарпер', 'Лі', '1926-04-28'),
(40, 'Френсіс Скотт', 'Фіцджеральд', '1896-09-24'),
(41, 'Чарльз', 'Духігг', '1974-04-05'),
(42, 'Джеймс', 'Клір', '1974-04-05'),
(43, 'Деніел', 'Канеман', '1934-03-05'),
(44, 'Малкольм', 'Гладуелл', '1963-09-03'),
(45, 'Віктор', 'Франкл', '1905-03-26'),
(46, 'Марк', 'Менсон', '1983-07-14'),
(47, 'Джордж', 'Лакей', '1955-08-11'),
(48, 'Гарет', 'Рубіо', '1970-03-28'),
(49, 'Агата', 'Крісті', '1890-09-15'),
(50, 'Патрік', 'Зюскінд', '1949-03-26'),
(51, 'Карлос', 'Руїс Сафон', '1964-07-25'),
(52, 'Джорджетт', 'Хейер', '1902-08-16'),
(53, 'Лора', 'Ліппман', '1959-01-31'),
(54, 'Тесс', 'Джеррітсен', '1953-06-12'),
(55, 'Джудіт', 'Філіпс', '1968-12-04'),
(56, 'Чингіз', 'Айтматов', '1928-12-12'),
(57, 'Стивен', 'Кові', '1932-10-24'),
(58, 'Джон', 'Максвелл', '1947-02-20'),
(59, 'Хел', 'Елрод', '1979-05-30'),
(60, 'Брендон', 'Бурчард', '1977-09-18'),

(61, 'Деніел', 'Канеман', '1934-03-05'),
(62, 'Міхал', 'Чіхсентміхайлі', '1934-09-29'),
(63, 'Чарльз', 'Дюггі', '1974-04-05'),
(64, 'Джеймс', 'Фікс', '1942-07-19'),
(65, 'Стівен', 'Пінк', '1964-01-28'),

(66, 'Антуан', 'де Сент-Екзюпері', '1900-06-29'),
(67, 'Жак', 'Перро', '1628-01-12'),
(68, 'Теодор', 'Драйзер', '1871-08-27'),
(69, 'Майкл', 'Бонд', '1926-01-13'),
(70, 'Туве', 'Янссон', '1914-08-09'),

(71, 'Рід', 'Александер', '1865-01-07'),
(72, 'Герман', 'Мелвілл', '1819-08-01'),
(73, 'Френсіс', 'Скотт Фіцджеральд', '1896-09-24'),
(74, 'Вальтер', 'Скотт', '1771-08-15'),
(75, 'Тетяна', 'Єпіфанова', '1978-12-03'),

(76, 'Валентин', 'Петров', '1975-04-12'),
(77, 'Андрій', 'Ковальов', '1982-09-30'),
(78, 'Олексій', 'Сидоренко', '1979-06-17'),
(79, 'Михайло', 'Кузьмин', '1987-11-28'),
(80, 'Анастасія', 'Семенова', '1985-08-15'),
(81, 'Валентина', 'Полякова', '1984-03-22');

INSERT INTO Publication (publication_id, book_id, year_publication, author_id)
VALUES
(1, 1, 2022, 1),
(1, 1, 2022, 2),
(3, 2, 2013, 3),
(3, 2, 2016, 3),
(3, 2, 2020, 3),
(4, 3, 2019, 4),

(5, 4, 2023, 5),
(6, 5, 2021, 6),
(7, 6, 2020, 7),
(8, 7, 2018, 8),
(9, 8, 2019, 9),
(10, 9, 2017, 10),
(11, 10, 2022, 11),
(12, 11, 2020, 6),  
(13, 12, 2022, 11),
(14, 13, 2022, 11),
(15, 14, 2018, 12),  
(16, 15, 2020, 13),  
(17, 16, 2019, 14),
(18, 17, 2019, 15),
(19, 18, 2016, 16),
(20, 19, 2018, 17),
(21, 20, 2017, 18),
(22, 21, 2016, 19),
(23, 22, 1949, 20),
(24, 23, 1960, 21),
(25, 26, 1925, 22),
(26, 28, 1965, 23),
(27, 30, 1970, 24),
(28, 31, 1996, 25),
(29, 32, 1978, 26),
(30, 33, 1996, 25),
(31, 34, 2021, 27),
(32, 35, 2021, 27),
(33, 36, 2018, 28),
(34, 36, 2020, 28),
(35, 36, 2023, 28),
(36, 37, 2023, 28),
(37, 38, 2018, 28),
(38, 38, 2023, 28),
(39, 39, 2000, 29),
(39, 39, 2000, 25),
(40, 40, 2010, 30),
(41, 40, 2010, 31),
(42, 41, 2013, 30),
(43, 41, 2013, 31),
(44, 42, 2002, 32),
(45, 43, 2010, 33),
(46, 44, 2015, 34),
(47, 45, 2008, 35),
(47, 45, 2008, 33),
(48, 46, 2019, 36),
(48, 46, 2019, 34),
(41, 47, 2006, 37),
(42, 48, 1951, 38),
(43, 49, 1960, 39),
(43, 49, 1960, 37),
(44, 50, 1925, 40),
(45, 51, 2012, 41),
(46, 52, 2020, 42),
(47, 53, 2013, 43),
(48, 54, 1999, 44),
(48, 54, 1999, 42),
(49, 55, 1958, 45),
(50, 56, 2019, 46),
(50, 56, 2019, 45),
(51, 57, 2003, 47),
(52, 58, 1927, 48),
(53, 59, 1985, 49),
(53, 59, 1985, 47),
(54, 60, 2012, 50),
(55, 61, 2021, 51),
(56, 62, 2003, 47),
(57, 63, 1927, 48),
(58, 64, 1985, 49),
(58, 64, 1985, 47),
(59, 65, 2012, 50),
(60, 66, 2021, 51),
(61, 67, 1950, 52),
(62, 68, 2007, 53),
(63, 69, 1995, 54),
(64, 70, 1980, 55),
(65, 71, 1965, 56),
(65, 71, 1965, 55),
(66, 72, 1950, 52),
(67, 73, 2007, 53),
(68, 74, 1995, 54),
(69, 75, 1980, 55),
(70, 76, 1965, 56),
(70, 76, 1965, 55),
(71, 77, 1989, 57),
(72, 78, 2005, 58),
(73, 79, 1989, 57),
(74, 80, 2005, 58),
(75, 81, 2015, 59),
(76, 82, 2012, 60),
(77, 83, 2015, 59),
(78, 84, 2012, 60),

(79, 85, 2011, 61),
(80, 86, 1990, 62),
(81, 87, 2008, 63),
(82, 88, 2010, 64),
(82, 88, 2010, 61),
(83, 89, 2010, 65), 
(84, 90, 2011, 61),
(85, 91, 1990, 62),
(86, 92, 2008, 63),
(87, 93, 2010, 64),
(87, 93, 2010, 61),
(88, 94, 2010, 65), 

(89, 95, 1943, 66),
(90, 96, 1946, 67),
(91, 97, 1998, 68),
(92, 98, 1958, 69),
(93, 99, 1945, 70),
(94, 100, 1943, 66),
(95, 101, 1946, 67),


(96, 102, 1998, 68),
(97, 103, 1958, 69),
(98, 104, 1945, 70),

(99, 105, 2007, 71),
(100, 106, 1951, 72),
(101, 107, 1925, 73),
(102, 108, 1920, 74),
(103, 109, 2013, 75),

(104, 110, 2007, 71),
(105, 111, 1951, 72),
(106, 112, 1925, 73),
(107, 113, 1920, 74),
(108, 114, 2013, 75),

(109, 115, 2010, 76),
(109, 115, 2010, 72),

(110, 116, 1998, 77),
(110, 116, 1998, 76),

(111, 117, 2015, 78),
(111, 117, 2015, 79),
(111, 117, 2015, 75),

(112, 118, 2005, 79),
(112, 118, 2005, 55),
(112, 118, 2005, 51),

(113, 119, 2008, 80),
(113, 119, 2008, 44),

(114, 120, 2019, 81),
(114, 120, 2019, 72);


INSERT INTO Invoice (invoice_id, employee_id, customer_id, payment_method, transaction_moment, status)
VALUES
(1, 1, 1, 0, '2024-01-16 12:16:00', 'Оплачено'),
(2, 2, 2, 0, '2024-01-17 10:30:00', 'Оплачено'),
(3, 1, 3, 0, '2024-01-17 18:15:00', 'В очікуванні'),
(4, 2, 4, 0, '2024-01-17 18:45:00', 'Оплачено'),
(5, 2, 5, 1, '2024-01-17 19:45:00', 'Не оплачено'),
(6, 3, 6, 1, '2024-01-17 19:20:00', 'Не оплачено'),
(7, 4, 7, 1, '2024-01-17 19:55:00', 'Не оплачено'),
(8, 5, 8, 0, '2024-01-17 20:05:00', 'Оплачено'),
(9, 4, 9, 1, '2024-01-17 21:05:00', 'В очікуванні'),
(10, 5, 11, 1, '2024-01-17 21:10:20', 'В очікуванні'),
(11, 4, 12, 0, '2024-01-18 10:05:03', 'Оплачено'),
(12, 3, 13, 0, '2024-01-18 10:30:00', 'Оплачено'),
(13, 2, 14, 1, '2024-01-18 19:00:00', 'В очікуванні'),
(14, 5, 15, 1, '2024-01-18 19:36:00', 'В очікуванні'),
(15, 6, 16, 0, '2024-01-18 21:05:00', 'Не оплачено'),
(16, 3, 17, 0, '2024-01-18 22:35:00', 'В очікуванні'),
(17, 2, 18, 1, '2024-01-19 00:35:00', 'Не оплачено'),
(18, 5, 19, 0, '2024-01-20 02:35:00', 'Не оплачено'),
(19, 6, 20, 0, '2024-01-20 04:35:00', 'В очікуванні'),
(20, 3, 21, 0, '2024-01-20 06:35:00', 'Оплачено'),
(21, 2, 22, 0, '2024-01-21 08:35:00', 'Оплачено'),
(23, 6, 25, 0, '2024-01-21 10:35:00', 'Оплачено'),
(24, 1, 26, 0, '2024-01-21 12:35:00', 'Оплачено'),
(25, 4, 27, 1, '2024-01-21 13:35:00', 'В очікуванні'),
(26, 5, 29, 1, '2024-01-21 14:35:00', 'Не оплачено'),
(27, 6, 30, 0, '2024-01-21 15:35:00', 'Оплачено'),
(28, 3, 31, 0, '2024-01-22 16:35:00', 'Оплачено'),
(29, 2, 32, 1, '2024-01-22 17:35:00', 'Не оплачено'),
(30, 5, 33, 1, '2024-01-22 18:35:00', 'В очікуванні'),
(31, 4, 34, 0, '2024-01-22 19:35:00', 'Оплачено'),
(32, 3, 35, 0, '2024-01-22 20:35:00', 'Оплачено'),
(33, 2, 36, 1, '2024-01-23 06:35:00', 'В очікуванні'),
(34, 5, 37, 1, '2024-01-24 08:30:00', 'Оплачено'),
(35, 6, 39, 0, '2024-01-25 10:35:00', 'Оплачено'),
(36, 3, 40, 0, '2024-01-25 12:35:00', 'В очікуванні'),
(37, 2, 41, 1, '2024-01-25 14:35:00', 'В очікуванні'),
(38, 4, 42, 1, '2024-01-30 16:35:00', 'Оплачено'),
(39, 6, 43, 0, '2024-01-30 18:35:00', 'В очікуванні'),
(40, 3, 44, 0, '2024-01-31 20:35:00', 'В очікуванні'),
(41, 4, 45, 1, '2024-02-02 00:35:00', 'В очікуванні'),
(42, 3, 46, 0, '2024-02-02 02:35:00', 'Оплачено'),
(43, 4, 48, 1, '2024-02-02 04:35:00', 'В очікуванні'),
(44, 3, 49, 0, '2024-02-05 05:05:00', 'Оплачено'),
(45, 4, 50, 1, '2024-02-05 05:35:00', 'Оплачено'),
(46, 3, 51, 0, '2024-02-05 06:05:00', 'Оплачено'),
(47, 8, 52, 1, '2024-02-10 08:35:00', 'В очікуванні'),
(48, 3, 53, 0, '2024-02-10 09:05:00', 'Оплачено'),
(49, 7, 54, 1, '2024-02-10 09:35:00', 'В очікуванні'),
(50, 3, 55, 0, '2024-02-12 11:35:00', 'Оплачено'),
(51, 4, 56, 1, '2024-02-12 13:05:00', 'Не оплачено'),
(52, 7, 57, 0, '2024-02-12 14:05:00', 'Оплачено'),
(53, 8, 58, 1, '2024-02-12 14:35:00', 'В очікуванні'),
(54, 3, 59, 0, '2024-02-12 16:05:00', 'Оплачено'),
(55, 8, 60, 1, '2024-02-12 17:05:00', 'Не оплачено'),
(56, 3, 61, 0, '2024-02-12 17:05:00', 'Оплачено'),
(57, 7, 62, 1, '2024-02-12 19:05:00', 'В очікуванні'),
(58, 3, 64, 0, '2024-02-15 08:35:00', 'Оплачено'),
(59, 4, 65, 1, '2024-02-15 09:05:00', 'В очікуванні'),
(60, 3, 66, 0, '2024-02-15 09:35:00', 'Оплачено'),
(61, 1, 68, 1, '2024-02-15 10:05:00', 'В очікуванні'),
(62, 3, 49, 0, '2024-02-15 10:35:00', 'Оплачено'),
(63, 4, 69, 1, '2024-02-15 11:05:00', 'Не оплачено'),
(64, 1, 70, 0, '2024-02-17 11:35:00', 'Оплачено'),
(65, 8, 71, 1, '2024-02-17 12:05:00', 'В очікуванні'),
(66, 3, 74, 0, '2024-02-18 12:35:00', 'Оплачено'),
(67, 7, 75, 1, '2024-02-18 13:05:00', 'В очікуванні'),
(68, 4, 76, 1, '2024-02-22 04:35:00', 'Оплачено'),
(69, 1, 77, 0, '2024-02-22 05:05:00', 'Не оплачено'),
(70, 8, 78, 1, '2024-02-22 06:05:00', 'Оплачено'),
(71, 3, 79, 0, '2024-02-22 07:35:00', 'Оплачено'),
(72, 7, 80, 1, '2024-02-22 18:05:00', 'Оплачено'),
(73, 2, 81, 1, '2024-02-22 19:05:00', 'Не оплачено'),
(74, 4, 82, 0, '2024-02-24 16:35:00', 'Оплачено'),
(75, 5, 84, 1, '2024-02-24 17:05:00', 'В очікуванні'),
(76, 8, 85, 1, '2024-02-24 18:05:00', 'В очікуванні'),
(77, 3, 87, 0, '2024-02-24 18:35:00', 'Оплачено'),
(78, 7, 89, 1, '2024-02-24 19:05:00', 'Не оплачено'),
(79, 2, 90, 1, '2024-02-24 19:35:00', 'В очікуванні'),
(80, 8, 91, 0, '2024-02-24 20:05:00', 'Оплачено'),
(81, 5, 93, 1, '2024-02-25 20:35:00', 'Не оплачено'),
(82, 4, 94, 0, '2024-02-25 21:05:00', 'Оплачено'),
(83, 3, 95, 1, '2024-02-25 21:35:00', 'В очікуванні'),
(84, 4, 96, 0, '2024-02-25 22:05:00', 'Оплачено'),
(85, 5, 97, 1, '2024-02-26 14:35:00', 'В очікуванні'),
(86, 4, 99, 0, '2024-02-26 15:05:00', 'Оплачено'),
(87, 8, 1, 1, '2024-02-26 16:05:00', 'В очікуванні'),
(88, 1, 2, 0, '2024-02-26 16:35:00', 'Оплачено'),
(89, 3, 3, 1, '2024-02-26 17:05:00', 'В очікуванні'),
(90, 2, 11, 0, '2024-02-26 17:35:00', 'Оплачено'),
(91, 1, 21, 1, '2024-02-27 12:35:00', 'Не оплачено'),
(92, 7, 31, 0, '2024-02-27 13:05:00', 'Оплачено'),
(93, 8, 41, 1, '2024-02-29 03:35:00', 'В очікуванні'),
(94, 4, 51, 0, '2024-02-29 04:05:00', 'Оплачено'),
(95, 5, 93, 1, '2024-02-29 04:35:00', 'Не оплачено'),
(96, 4, 91, 0, '2024-02-29 15:05:00', 'Оплачено'),
(97, 1, 3, 1, '2024-02-29 15:35:00', 'В очікуванні'),
(98, 7, 1, 0, '2024-02-29 16:05:00', 'Оплачено'),
(99, 8, 43, 1, '2024-02-29 16:35:00', 'В очікуванні'),
(100, 3, 44, 0, '2024-03-01 10:35:00', 'Оплачено'),
(101, 5, 54, 1, '2024-03-01 11:05:00', 'Не оплачено'),
(102, 3, 91, 0, '2024-03-01 21:35:00', 'Оплачено'),
(103, 4, 91, 0, '2024-03-01 22:05:00', 'Оплачено'),
(104, 5, 54, 1, '2024-03-01 22:35:00', 'В очікуванні'),
(105, 6, 91, 0, '2024-03-01 23:05:00', 'Оплачено'),
(106, 7, 91, 0, '2024-03-01 23:35:00', 'Оплачено'),
(107, 8, 54, 1, '2024-03-02 10:05:00', 'В очікуванні'),
(108, 2, 91, 0, '2024-03-02 12:35:00', 'Оплачено'),
(109, 3, 91, 0, '2024-03-02 13:05:00', 'Оплачено'),
(110, 6, 54, 1, '2024-03-02 13:35:00', 'Не оплачено'),
(111, 2, 74, 1, '2024-03-02 14:05:00', 'В очікуванні'),
(112, 3, 90, 0, '2024-03-02 14:35:00', 'Оплачено'),
(113, 4, 7, 0, '2024-03-02 15:05:00', 'Оплачено'),
(114, 5, 54, 1, '2024-03-02 15:35:00', 'В очікуванні'),
(115, 6, 6, 0, '2024-03-02 16:05:00', 'Оплачено'),
(116, 7, 5, 0, '2024-03-02 16:35:00', 'Оплачено'),
(117, 8, 68, 1, '2024-03-02 17:05:00', 'В очікуванні'),
(118, 2, 2, 0, '2024-03-02 17:35:00', 'Оплачено'),
(119, 3, 3, 0, '2024-03-03 18:05:00', 'Оплачено'),
(120, 1, 10, 1, '2024-03-03 18:36:00', 'Оплачено'),
(121, 2, 24, 1, '2024-03-03 19:05:00', 'Оплачено'),
(122, 3, 28, 0, '2024-03-03 19:35:00', 'Оплачено'),
(123, 4, 38, 0, '2024-03-03 20:05:00', 'Оплачено'),
(124, 5, 99, 1, '2024-03-05 20:35:00', 'В очікуванні'),
(125, 6, 9, 0, '2024-03-05 21:05:00', 'Оплачено'),
(126, 7, 5, 0, '2024-03-05 21:35:00', 'Оплачено'),
(127, 8, 68, 1, '2024-03-05 22:05:00', 'В очікуванні'),
(128, 2, 8, 0, '2024-03-05 22:35:00', 'Оплачено'),
(129, 3, 30, 0, '2024-03-05 23:05:00', 'Оплачено'),
(130, 1, 40, 1, '2024-03-05 23:30:00', 'В очікуванні'),
(131, 2, 90, 1, '2024-03-06 12:05:00', 'В очікуванні'),
(132, 3, 95, 0, '2024-03-07 12:35:00', 'Оплачено'),
(133, 4, 75, 0, '2024-03-07 13:35:00', 'Оплачено'),
(134, 5, 58, 1, '2024-03-07 15:05:00', 'В очікуванні'),
(135, 6, 66, 0, '2024-03-07 16:35:00', 'Оплачено'),
(136, 7, 69, 0, '2024-03-07 18:05:00', 'Оплачено'),
(137, 8, 68, 1, '2024-03-08 19:35:00', 'В очікуванні'),
(138, 2, 22, 0, '2024-03-08 21:05:00', 'Оплачено'),
(139, 3, 34, 0, '2024-03-08 22:35:00', 'Оплачено'),
(140, 1, 17, 1, '2024-03-08 23:35:00', 'Не оплачено'),
(141, 2, 60, 1, '2024-03-10 06:35:00', 'Оплачено'),
(142, 3, 5, 0, '2024-03-10 08:05:00', 'Оплачено'),
(143, 4, 47, 0, '2024-03-10 09:05:00', 'Оплачено'),
(144, 5, 59, 1, '2024-03-10 10:05:00', 'В очікуванні'),
(145, 6, 68, 0, '2024-03-10 18:05:00', 'Оплачено'),
(146, 7, 71, 0, '2024-03-11 16:35:00', 'Оплачено'),
(147, 8, 100, 1, '2024-03-11 18:05:00', 'В очікуванні'),
(148, 2, 63, 0, '2024-03-11 19:05:00', 'Оплачено'),
(149, 3, 100, 0, '2024-03-11 20:05:00', 'Оплачено'),
(150, 1, 19, 1, '2024-03-11 22:05:00', 'В очікуванні'),
(151, 2, 75, 1, '2024-03-12 10:05:00', 'В очікуванні'),
(152, 3, 93, 0, '2024-03-12 10:05:00', 'Оплачено'),
(153, 4, 20, 0, '2024-03-12 14:05:00', 'Оплачено'),
(154, 5, 54, 1, '2024-03-12 16:05:00', 'Не оплачено'),
(155, 6, 21, 0, '2024-03-13 10:35:00', 'Оплачено'),
(156, 7, 5, 0, '2024-03-13 10:35:00', 'Оплачено'),
(157, 8, 23, 1, '2024-03-13 10:35:00', 'Не оплачено'),
(158, 2, 2, 0, '2024-03-13 12:05:00', 'Оплачено'),
(159, 3, 3, 0, '2024-03-13 12:35:00', 'Оплачено'),
(160, 1, 100, 1, '2024-03-13 13:35:00', 'В очікуванні'),
(161, 2, 76, 1, '2024-03-13 13:35:00', 'В очікуванні'),
(162, 3, 90, 0, '2024-03-14 10:35:00', 'Оплачено'),
(163, 4, 77, 0, '2024-03-14 12:05:00', 'Оплачено'),
(164, 5, 55, 1, '2024-03-14 13:35:00', 'Не оплачено'),
(165, 6, 66, 0, '2024-03-14 15:05:00', 'Оплачено'),
(166, 7, 51, 0, '2024-03-14 16:35:00', 'Оплачено'),
(167, 8, 68, 1, '2024-03-14 18:05:00', 'В очікуванні'),
(168, 2, 22, 0, '2024-03-15 09:35:00', 'Оплачено'),
(169, 3, 37, 0, '2024-03-15 11:05:00', 'Оплачено'),
(170, 1, 100, 1, '2024-03-17 16:35:00', 'В очікуванні'),
(171, 2, 82, 1, '2024-03-17 17:35:00', 'В очікуванні'),
(172, 3, 95, 0, '2024-03-17 18:35:00', 'Оплачено'),
(173, 4, 62, 0, '2024-03-17 19:35:00', 'Оплачено'),
(174, 5, 80, 1, '2024-03-17 20:35:00', 'Не оплачено'),
(175, 6, 81, 0, '2024-03-17 21:35:00', 'Оплачено'),
(176, 7, 51, 0, '2024-03-19 04:35:00', 'Оплачено'),
(177, 8, 89, 1, '2024-03-19 05:35:00', 'В очікуванні'),
(178, 2, 12, 0, '2024-03-19 06:35:00', 'Оплачено'),
(179, 3, 13, 0, '2024-03-19 07:35:00', 'Оплачено'),
(180, 1, 14, 1, '2024-03-19 08:35:00', 'В очікуванні'),
(181, 2, 15, 1, '2024-03-19 19:35:00', 'Не оплачено'),
(182, 3, 16, 0, '2024-03-19 20:35:00', 'Оплачено'),
(183, 4, 17, 0, '2024-03-20 18:35:00', 'Оплачено'),
(184, 5, 18, 1, '2024-03-20 19:35:00', 'В очікуванні'),
(185, 6, 19, 0, '2024-03-20 20:35:00', 'Оплачено'),
(186, 7, 20, 0, '2024-03-20 21:35:00', 'Оплачено'),
(187, 8, 21, 1, '2024-03-20 22:35:00', 'В очікуванні'),
(188, 2, 22, 0, '2024-03-20 23:35:00', 'Оплачено'),
(189, 3, 23, 0, '2024-04-21 00:35:00', 'Оплачено'),
(190, 1, 25, 1, '2024-04-21 01:35:00', 'Не оплачено'),
(191, 2, 74, 1, '2024-04-21 02:35:00', 'В очікуванні'),
(193, 4, 67, 0, '2024-04-21 12:35:00', 'Оплачено'), 
(194, 5, 72, 1, '2024-04-21 13:05:00', 'Оплачено'),
(195, 6, 73, 0, '2024-04-21 13:35:00', 'Оплачено'),
(196, 7, 83, 0, '2024-04-21 14:05:00', 'Оплачено'),
(197, 8, 86, 1, '2024-04-21 17:05:00', 'Оплачено'),
(198, 2, 88, 0, '2024-04-21 17:35:00', 'Оплачено'),
(199, 3, 92, 0, '2024-04-21 17:35:00', 'Оплачено'),
(200, 1, 98, 1, '2024-04-21 18:05:00', 'Оплачено');


INSERT INTO `Order` (order_id, book_id, quantity, order_datetime, invoice_id)
VALUES
(1, 1, 1, '2024-01-16 12:15:00', 1),
(2, 2, 1, '2024-01-16 12:15:00', 1),
(3, 3, 2, '2024-01-17 16:00:00', 2),
(4, 1, 1, '2024-01-17 16:00:00', 2),
(5, 20, 1, '2024-01-17 16:00:00', 2),
(6, 44, 1, '2024-01-17 18:00:00', 3),
(7, 5, 1, '2024-01-17 18:00:00', 3),
(8, 6, 1, '2024-01-17 18:00:00', 3),
(9, 7, 2, '2024-01-17 18:30:00', 4),
(10, 77, 1, '2024-01-17 18:30:00', 4),
(11, 9, 3, '2024-01-17 18:30:00', 4),
(12, 21, 1, '2024-01-17 18:30:00', 4),
(13, 11, 1, '2024-01-17 19:00:00', 5),
(14, 76, 2, '2024-01-17 19:00:00', 5),
(15, 89, 1, '2024-01-17 19:00:00', 5),
(16, 88, 1, '2024-01-17 19:20:00', 6),
(17, 18, 2, '2024-01-17 19:20:00', 6),
(18, 45, 1, '2024-01-17 19:50:00', 7),
(19, 21, 1, '2024-01-17 19:50:00', 7),
(20, 67, 1, '2024-01-17 19:50:00', 7),
(21, 23, 1, '2024-01-17 20:00:00', 8),
(22, 48, 1, '2024-01-17 20:00:00', 8),
(23, 17, 1, '2024-01-17 21:00:00', 9),
(24, 52, 1, '2024-01-17 21:00:00', 9),
(25, 30, 1, '2024-01-17 21:00:00', 9),
(26, 56, 3, '2024-01-17 21:00:00', 9),
(27, 31, 1, '2024-01-17 21:05:20', 10),
(28, 74, 1, '2024-01-17 21:05:20', 10),
(29, 18, 1, '2024-01-17 21:05:20', 10),
(30, 77, 1, '2024-01-17 21:05:20', 10),
(31, 35, 1, '2024-01-18 10:00:03', 11),
(32, 49, 2, '2024-01-18 10:00:03', 11),
(33, 9, 1, '2024-01-18 10:00:03', 11),
(34, 51, 1, '2024-01-18 10:00:03', 11),
(35, 69, 1, '2024-01-18 10:20:00', 12),
(36, 10, 1, '2024-01-18 10:20:00', 12),
(37, 101, 1, '2024-01-18 10:20:00', 12),
(38, 42, 2, '2024-01-18 10:20:00', 12),
(39, 44, 1, '2024-01-18 18:00:00', 13),
(40, 6, 1, '2024-01-18 18:00:00', 13),
(41, 12, 1, '2024-01-18 18:00:00', 13),
(42, 47, 1, '2024-01-18 18:00:00', 13),
(43, 99, 1, '2024-01-18 18:00:00', 13),
(44, 33, 1, '2024-01-18 18:00:00', 13),
(45, 65, 2, '2024-01-18 18:00:00', 13),
(46, 51, 1, '2024-01-18 19:30:00', 14),
(47, 23, 1, '2024-01-18 19:30:00', 14),
(48, 55, 1, '2024-01-18 21:00:00', 15),
(49, 21, 2, '2024-01-18 21:00:00', 15),
(50, 59, 1, '2024-01-18 22:30:00', 16),
(51, 14, 1, '2024-01-18 22:30:00', 16),
(52, 67, 2, '2024-01-18 22:30:00', 16),
(53, 63, 1, '2024-01-19 00:30:00', 17),
(54, 6, 1, '2024-01-19 00:30:00', 17),
(55, 61, 1, '2024-01-19 00:30:00', 17),
(56, 7, 1, '2024-01-19 00:30:00', 17),
(57, 31, 1, '2024-01-20 02:30:00', 18),
(58, 71, 1, '2024-01-20 04:30:00', 19),
(59, 21, 1, '2024-01-20 04:30:00', 19),
(60, 73, 1, '2024-01-20 04:30:00', 19),
(61, 7, 1, '2024-01-20 06:30:00', 20),
(62, 76, 1, '2024-01-20 06:30:00', 20),
(63, 67, 1, '2024-01-20 06:30:00', 20),
(64, 78, 1, '2024-01-20 06:30:00', 20),
(65, 8, 1, '2024-01-21 08:30:00', 21),
(66, 80, 2, '2024-01-21 08:30:00', 21),
(67, 55, 1, '2024-01-21 08:30:00', 21),
(68, 82, 1, '2024-01-21 08:30:00', 21),
(69, 15, 1, '2024-01-21 10:30:00', 23),
(70, 84, 1, '2024-01-21 10:30:00', 23),
(71, 14, 1, '2024-01-21 12:30:00', 24),
(72, 86, 2, '2024-01-21 13:30:00', 25),
(73, 77, 1, '2024-01-21 13:30:00', 25),
(74, 8, 1, '2024-01-21 13:30:00', 25),
(75, 89, 1, '2024-01-21 14:30:00', 26),
(76, 9, 1, '2024-01-21 14:30:00', 26),
(77, 73, 1, '2024-01-21 14:30:00', 26),
(78, 92, 2, '2024-01-21 14:30:00', 26),
(79, 93, 1, '2024-01-21 15:30:00', 27),
(80, 9, 1, '2024-01-21 15:30:00', 27),
(81, 104, 1, '2024-01-21 15:30:00', 27),
(82, 22, 1, '2024-01-21 15:30:00', 27),
(83, 97, 1, '2024-01-22 16:30:00', 28),
(84, 15, 2, '2024-01-22 16:30:00', 28),
(85, 99, 1, '2024-01-22 17:30:00', 29),
(86, 118, 1, '2024-01-22 17:30:00', 29),
(87, 1, 1, '2024-01-22 17:30:00', 29),
(88, 102, 1, '2024-01-22 17:30:00', 29),
(89, 103, 1, '2024-01-22 18:30:00', 30),
(90, 87, 2, '2024-01-22 18:30:00', 30),
(91, 10, 1, '2024-01-22 18:30:00', 30),
(92, 44, 1, '2024-01-22 18:30:00', 30),
(93, 107, 1, '2024-01-22 19:30:00', 31),
(94, 78, 1, '2024-01-22 19:30:00', 31),
(95, 16, 1, '2024-01-22 19:30:00', 31),
(96, 10, 2, '2024-01-22 19:30:00', 31),
(97, 111, 1, '2024-01-22 20:30:00', 32),
(98, 11, 1, '2024-01-22 20:30:00', 32),
(99, 12, 1, '2024-01-23 06:30:00', 33),
(100, 120, 1, '2024-01-23 06:30:00', 33),
(101, 19, 1, '2024-01-23 06:30:00', 33),
(102, 12, 1, '2024-01-24 08:30:00', 34),
(103, 120, 2, '2024-01-24 08:30:00', 34),
(104, 98, 1, '2024-01-25 10:30:00', 35),
(105, 13, 1, '2024-01-25 10:30:00', 35),
(106, 120, 1, '2024-01-25 10:30:00', 35),
(107, 67, 1, '2024-01-25 12:30:00', 36),
(108, 13, 1, '2024-01-25 12:30:00', 36),
(109, 112, 1, '2024-01-25 12:30:00', 36),
(110, 54, 1, '2024-01-25 14:30:00', 37),
(111, 13, 1, '2024-01-25 14:30:00', 37),
(112, 28, 1, '2024-01-25 14:30:00', 37),
(113, 17, 1, '2024-01-30 16:30:00', 38),
(114, 34, 1, '2024-01-30 16:30:00', 38),
(115, 109, 1, '2024-01-30 16:30:00', 38),
(116, 78, 2, '2024-01-30 16:30:00', 38),
(117, 41, 1, '2024-01-30 18:30:00', 39),
(118, 52, 1, '2024-01-30 18:30:00', 39),
(119, 43, 1, '2024-01-30 18:30:00', 39),
(120, 4, 2, '2024-01-30 18:30:00', 39),
(121, 45, 1, '2024-01-31 20:30:00', 40),
(122, 14, 4, '2024-01-31 20:30:00', 40),
(123, 67, 1, '2024-01-31 20:30:00', 40),
(124, 88, 2, '2024-01-31 20:30:00', 40),
(125, 73, 1, '2024-02-02 00:30:00', 41),
(126, 78, 6, '2024-02-02 00:30:00', 41),
(127, 111, 1, '2024-02-02 00:30:00', 41),
(128, 31, 2, '2024-02-02 00:30:00', 41),
(129, 53, 1, '2024-02-02 02:30:00', 42),
(130, 74, 1, '2024-02-02 02:30:00', 42),
(131, 55, 1, '2024-02-02 02:30:00', 42),
(132, 15, 1, '2024-02-02 02:30:00', 42),
(133, 57, 1, '2024-02-02 04:30:00', 43),
(134, 18, 2, '2024-02-02 04:30:00', 43),
(135, 16, 1, '2024-02-02 04:30:00', 43), 
(136, 114, 1, '2024-02-05 05:00:00', 44),
(137, 20, 1, '2024-02-05 05:00:00', 44),
(138, 3, 1, '2024-02-05 05:30:00', 45),
(139, 40, 2, '2024-02-05 06:00:00', 46),
(140, 50, 1, '2024-02-05 06:00:00', 46),
(141, 6, 1, '2024-02-05 06:00:00', 46),
(142, 70, 1, '2024-02-10 08:30:00', 47),
(143, 80, 2, '2024-02-10 08:30:00', 47),
(144, 9, 1, '2024-02-10 08:30:00', 47),
(145, 10, 1, '2024-02-10 09:00:00', 48),
(146, 117, 1, '2024-02-10 09:30:00', 49),
(147, 12, 1, '2024-02-10 09:30:00', 49),
(148, 13, 1, '2024-02-10 09:30:00', 49),
(149, 42, 2, '2024-02-10 09:30:00', 49),
(150, 56, 1, '2024-02-12 11:30:00', 50),
(151, 16, 1, '2024-02-12 11:30:00', 50),
(152, 97, 1, '2024-02-12 11:30:00', 50),
(153, 18, 1, '2024-02-12 13:00:00', 51),
(154, 19, 2, '2024-02-12 14:00:00', 52),
(155, 108, 1, '2024-02-12 14:00:00', 52),
(156, 89, 1, '2024-02-12 14:30:00', 53),
(157, 22, 2, '2024-02-12 14:30:00', 53),
(158, 49, 1, '2024-02-12 14:30:00', 53),
(159, 15, 1, '2024-02-12 16:00:00', 54),
(160, 44, 2, '2024-02-12 16:00:00', 54),
(161, 26, 1, '2024-02-12 17:00:00', 55),
(162, 36, 1, '2024-02-12 17:00:00', 56),
(163, 78, 1, '2024-02-12 17:00:00', 56),
(164, 26, 1, '2024-02-12 17:00:00', 56),
(165, 30, 2, '2024-02-12 19:00:00', 57),
(166, 18, 1, '2024-02-15 08:30:00', 58),
(167, 99, 1, '2024-02-15 08:30:00', 58),
(168, 20, 1, '2024-02-15 08:30:00', 58),
(169, 61, 1, '2024-02-15 08:30:00', 58),
(170, 52, 1, '2024-02-15 09:00:00', 59),
(171, 23, 2, '2024-02-15 09:00:00', 59),
(172, 74, 1, '2024-02-15 09:00:00', 59),
(173, 65, 1, '2024-02-15 09:00:00', 59),
(174, 26, 1, '2024-02-15 09:30:00', 60),
(175, 77, 1, '2024-02-15 09:30:00', 60),
(176, 60, 1, '2024-02-15 09:30:00', 60),
(177, 30, 2, '2024-02-15 09:30:00', 60),
(178, 73, 1, '2024-02-15 10:00:00', 61),
(179, 13, 1, '2024-02-15 10:00:00', 61),
(180, 93, 1, '2024-02-15 10:00:00', 61),
(181, 56, 1, '2024-02-15 10:00:00', 61), 
(182, 34, 1, '2024-02-15 10:30:00', 62),
(183, 15, 1, '2024-02-15 10:30:00', 62),
(184, 36, 1, '2024-02-15 10:30:00', 62),
(185, 108, 2, '2024-02-15 10:30:00', 62),
(186, 8, 1, '2024-02-15 11:00:00', 63),
(187, 45, 1, '2024-02-15 11:00:00', 63),
(188, 49, 1, '2024-02-15 11:00:00', 63),
(189, 91, 1, '2024-02-15 11:00:00', 63),
(190, 2, 1, '2024-02-17 11:30:00', 64),
(191, 67, 2, '2024-02-17 11:30:00', 64),
(192, 44, 1, '2024-02-17 11:30:00', 64),
(193, 85, 1, '2024-02-17 11:30:00', 64),
(194, 21, 1, '2024-02-17 12:00:00', 65),
(195, 47, 1, '2024-02-17 12:00:00', 65),
(196, 78, 1, '2024-02-17 12:00:00', 65),
(197, 45, 1, '2024-02-17 12:00:00', 65),
(198, 50, 1, '2024-02-18 12:30:00', 66),
(199, 11, 2, '2024-02-18 12:30:00', 66),
(200, 75, 1, '2024-02-18 12:30:00', 66),
(201, 53, 1, '2024-02-18 12:30:00', 66),
(202, 54, 1, '2024-02-18 13:00:00', 67),
(203, 5, 1, '2024-02-18 13:00:00', 67),
(204, 1, 1, '2024-02-22 04:30:00', 68),
(205, 32, 1, '2024-02-22 04:30:00', 68),
(206, 35, 1, '2024-02-22 04:30:00', 68),
(207, 4, 1, '2024-02-22 05:00:00', 69),
(208, 56, 1, '2024-02-22 05:00:00', 69),
(209, 6, 1, '2024-02-22 06:00:00', 70),
(210, 79, 1, '2024-02-22 06:00:00', 70),
(211, 83, 1, '2024-02-22 06:00:00', 70),
(212, 95, 1, '2024-02-22 07:30:00', 71),
(213, 107, 1, '2024-02-22 07:30:00', 71),
(214, 112, 1, '2024-02-22 07:30:00', 71),
(215, 72, 1, '2024-02-22 07:30:00', 71),
(216, 13, 1, '2024-02-22 07:30:00', 71),
(217, 14, 1, '2024-02-22 18:00:00', 72),
(218, 65, 1, '2024-02-22 18:00:00', 72),
(219, 96, 1, '2024-02-22 18:00:00', 72),
(220, 117, 1, '2024-02-22 18:00:00', 72),
(221, 78, 1, '2024-02-22 19:00:00', 73),
(222, 19, 1, '2024-02-22 19:00:00', 73),
(223, 30, 1, '2024-02-22 19:00:00', 73),
(224, 71, 1, '2024-02-22 19:00:00', 73),
(225, 22, 1, '2024-02-22 19:00:00', 73),
(226, 28, 1, '2024-02-24 16:30:00', 74),
(227, 98, 2, '2024-02-24 16:30:00', 74),
(228, 89, 1, '2024-02-24 17:00:00', 75),
(229, 9, 1, '2024-02-24 17:00:00', 75),
(230, 91, 1, '2024-02-24 17:00:00', 75),
(231, 92, 1, '2024-02-24 18:00:00', 76),
(232, 3, 1, '2024-02-24 18:00:00', 76),
(233, 17, 1, '2024-02-24 18:30:00', 77),
(234, 78, 2, '2024-02-24 18:30:00', 77),
(235, 23, 1, '2024-02-24 19:00:00', 78),
(236, 18, 1, '2024-02-24 19:30:00', 79),
(237, 19, 1, '2024-02-24 20:00:00', 80),
(238, 9, 1, '2024-02-25 20:30:00', 81),
(239, 30, 1, '2024-02-25 21:00:00', 82),
(240, 31, 1, '2024-02-25 21:30:00', 83),
(241, 32, 1, '2024-02-25 22:00:00', 84),
(242, 31, 1, '2024-02-26 14:30:00', 85),
(243, 82, 1, '2024-02-26 14:30:00', 85),
(244, 33, 1, '2024-02-26 15:00:00', 86),
(245, 3, 1, '2024-02-26 15:00:00', 86),
(246, 85, 1, '2024-02-26 15:00:00', 86),
(247, 36, 1, '2024-02-26 16:00:00', 87),
(248, 31, 1, '2024-02-26 16:00:00', 87),
(249, 8, 1, '2024-02-26 16:30:00', 88),
(250, 79, 2, '2024-02-26 16:30:00', 88),
(251, 30, 1, '2024-02-26 17:00:00', 89),
(252, 21, 1, '2024-02-26 17:30:00', 90),
(253, 35, 1, '2024-02-27 12:30:00', 91),
(254, 18, 1, '2024-02-27 12:30:00', 91),
(255, 7, 1, '2024-02-27 13:00:00', 92),
(256, 78, 1, '2024-02-27 13:00:00', 92),
(257, 69, 1, '2024-02-27 13:00:00', 92),
(258, 60, 1, '2024-02-29 03:30:00', 93),
(259, 31, 1, '2024-02-29 03:30:00', 93),
(260, 32, 1, '2024-02-29 04:00:00', 94),
(261, 53, 2, '2024-02-29 04:00:00', 94),
(262, 31, 1, '2024-02-29 04:30:00', 95),
(263, 5, 1, '2024-02-29 15:00:00', 96),
(264, 6, 1, '2024-02-29 15:30:00', 97),
(265, 17, 1, '2024-02-29 16:00:00', 98),
(266, 18, 1, '2024-02-29 16:30:00', 99),
(267, 31, 1, '2024-03-01 10:30:00', 100),
(268, 92, 1, '2024-03-01 10:30:00', 100),
(269, 3, 1, '2024-03-01 11:00:00', 101),
(270, 34, 1, '2024-03-01 11:00:00', 101),
(271, 59, 1, '2024-03-01 11:00:00', 101),
(272, 96, 1, '2024-03-01 21:30:00', 102),
(273, 7, 1, '2024-03-01 21:30:00', 102),
(274, 98, 1, '2024-03-01 22:00:00', 103),
(275, 9, 2, '2024-03-01 22:00:00', 103),
(276, 20, 1, '2024-03-01 22:30:00', 104),
(277, 21, 1, '2024-03-01 23:00:00', 105),
(278, 32, 1, '2024-03-01 23:30:00', 106),
(279, 13, 1, '2024-03-02 10:00:00', 107),
(280, 23, 1, '2024-03-02 12:30:00', 108),
(281, 70, 1, '2024-03-02 12:30:00', 108),
(282, 21, 1, '2024-03-02 13:00:00', 109),
(283, 66, 1, '2024-03-02 13:00:00', 109),
(284, 47, 1, '2024-03-02 13:00:00', 109),
(285, 31, 1, '2024-03-02 13:30:00', 110),
(286, 99, 1, '2024-03-02 13:30:00', 110),
(287, 30, 1, '2024-03-02 14:00:00', 111),
(288, 81, 2, '2024-03-02 14:00:00', 111),
(289, 32, 1, '2024-03-02 14:30:00', 112),
(290, 33, 1, '2024-03-02 15:00:00', 113),
(291, 18, 1, '2024-03-02 15:30:00', 114),
(292, 20, 1, '2024-03-02 16:00:00', 115),
(293, 22, 1, '2024-03-02 16:30:00', 116),
(294, 6, 1, '2024-03-02 17:00:00', 117),
(295, 8, 1, '2024-03-02 17:30:00', 118),
(296, 9, 1, '2024-03-03 18:00:00', 119),
(297, 70, 1, '2024-03-03 18:00:00', 119),
(298, 41, 1, '2024-03-03 18:00:00', 119),
(299, 52, 1, '2024-03-03 18:00:00', 119),
(300, 23, 1, '2024-03-03 18:00:00', 119),
(301, 110, 1, '2024-03-03 18:30:00', 120),
(302, 111, 1, '2024-03-03 19:00:00', 121),
(303, 114, 1, '2024-03-03 19:30:00', 122),
(304, 113, 1, '2024-03-03 20:00:00', 123),
(305, 28, 1, '2024-03-05 20:30:00', 124),
(306, 88, 1, '2024-03-05 20:30:00', 124),
(307, 4, 1, '2024-03-05 21:00:00', 125),
(308, 49, 1, '2024-03-05 21:00:00', 125),
(309, 41, 1, '2024-03-05 21:00:00', 125),
(310, 2, 1, '2024-03-05 21:30:00', 126),
(311, 49, 1, '2024-03-05 21:30:00', 126),
(312, 4, 1, '2024-03-05 22:00:00', 127),
(313, 47, 2, '2024-03-05 22:00:00', 127),
(314, 17, 1, '2024-03-05 22:30:00', 128),
(315, 23, 1, '2024-03-05 23:00:00', 129),
(316, 23, 1, '2024-03-05 23:30:00', 130),
(317, 28, 1, '2024-03-06 12:00:00', 131),
(318, 61, 1, '2024-03-06 12:00:00', 131),
(319, 56, 1, '2024-03-06 12:00:00', 131),
(320, 17, 1, '2024-03-06 12:00:00', 131),
(321, 58, 1, '2024-03-06 12:00:00', 131),
(322, 59, 1, '2024-03-07 12:30:00', 132),
(323, 20, 2, '2024-03-07 12:30:00', 132),
(324, 21, 1, '2024-03-07 13:30:00', 133),
(325, 60, 1, '2024-03-07 13:30:00', 133),
(326, 109, 1, '2024-03-07 13:30:00', 133),
(327, 14, 1, '2024-03-07 15:00:00', 134),
(328, 45, 1, '2024-03-07 15:00:00', 134),
(329, 97, 2, '2024-03-07 15:00:00', 134),
(330, 17, 1, '2024-03-07 16:30:00', 135),
(331, 49, 1, '2024-03-07 16:30:00', 135),
(332, 68, 1, '2024-03-07 16:30:00', 135),
(333, 30, 1, '2024-03-07 18:00:00', 136),
(334, 51, 1, '2024-03-07 18:00:00', 136),
(335, 62, 2, '2024-03-07 18:00:00', 136),
(336, 6, 1, '2024-03-08 19:30:00', 137),
(337, 64, 1, '2024-03-08 19:30:00', 137),
(338, 39, 1, '2024-03-08 19:30:00', 137),
(339, 63, 1, '2024-03-08 21:00:00', 138),
(340, 64, 1, '2024-03-08 21:00:00', 138),
(341, 8, 1, '2024-03-08 21:00:00', 138),
(342, 69, 1, '2024-03-08 22:30:00', 139),
(343, 5, 2, '2024-03-08 22:30:00', 139),
(344, 26, 1, '2024-03-08 23:30:00', 140),
(345, 55, 1, '2024-03-10 06:30:00', 141),
(346, 5, 1, '2024-03-10 06:30:00', 141),
(347, 57, 1, '2024-03-10 06:30:00', 141),
(348, 74, 2, '2024-03-10 08:00:00', 142),
(349, 34, 1, '2024-03-10 08:00:00', 142),
(350, 73, 1, '2024-03-10 09:00:00', 143),
(351, 78, 1, '2024-03-10 10:00:00', 144),
(352, 66, 1, '2024-03-10 10:00:00', 144),
(353, 86, 1, '2024-03-10 10:00:00', 144),
(354, 96, 2, '2024-03-10 10:00:00', 144),
(355, 57, 1, '2024-03-10 10:00:00', 144),
(356, 31, 1, '2024-03-10 18:00:00', 145),
(357, 7, 1, '2024-03-10 18:00:00', 145),
(358, 8, 1, '2024-03-10 18:00:00', 145),
(359, 19, 1, '2024-03-10 18:00:00', 145),
(360, 15, 2, '2024-03-10 18:00:00', 145),
(361, 55, 1, '2024-03-11 16:30:00', 146),
(362, 6, 2, '2024-03-11 16:30:00', 146),
(363, 77, 1, '2024-03-11 16:30:00', 146),
(364, 58, 1, '2024-03-11 18:00:00', 147),
(365, 79, 1, '2024-03-11 18:00:00', 147),
(366, 90, 1, '2024-03-11 19:00:00', 148),
(367, 81, 1, '2024-03-11 20:00:00', 149),
(368, 52, 1, '2024-03-11 20:00:00', 149),
(369, 103, 1, '2024-03-11 20:00:00', 149),
(370, 31, 2, '2024-03-11 20:00:00', 149),
(371, 78, 1, '2024-03-11 20:00:00', 149),
(372, 56, 1, '2024-03-11 22:00:00', 150),
(373, 87, 1, '2024-03-11 22:00:00', 150),
(374, 32, 1, '2024-03-11 22:00:00', 150),
(375, 89, 1, '2024-03-11 22:00:00', 150),
(376, 95, 2, '2024-03-11 22:00:00', 150),
(377, 91, 1, '2024-03-12 10:00:00', 151),
(378, 30, 2, '2024-03-12 10:00:00', 151),
(379, 53, 1, '2024-03-12 10:00:00', 151),
(380, 59, 1, '2024-03-12 10:00:00', 151),
(381, 46, 1, '2024-03-12 11:00:00', 152),
(382, 96, 1, '2024-03-12 11:00:00', 152),
(383, 59, 1, '2024-03-12 11:00:00', 152),
(384, 18, 2, '2024-03-12 11:00:00', 152),
(385, 99, 1, '2024-03-12 14:00:00', 153),
(386, 60, 1, '2024-03-12 14:00:00', 153),
(387, 61, 1, '2024-03-12 14:00:00', 153),
(388, 32, 1, '2024-03-11 14:00:00', 153),
(389, 63, 1, '2024-03-12 16:00:00', 154),
(390, 13, 2, '2024-03-12 16:00:00', 154),
(391, 65, 1, '2024-03-12 16:00:00', 154),
(392, 6, 1, '2024-03-12 16:00:00', 154),
(393, 11, 1, '2024-03-13 10:30:00', 155),
(394, 62, 1, '2024-03-13 10:30:00', 155),
(395, 13, 1, '2024-03-13 10:30:00', 156),
(396, 14, 1, '2024-03-13 10:30:00', 157),
(397, 65, 1, '2024-03-13 10:30:00', 157),
(398, 66, 2, '2024-03-13 10:30:00', 157),
(399, 17, 1, '2024-03-13 12:00:00', 158),
(400, 68, 1, '2024-03-13 12:30:00', 159),
(401, 69, 1, '2024-03-13 12:30:00', 159),
(402, 20, 2, '2024-03-13 12:30:00', 159),
(403, 21, 1, '2024-03-13 13:30:00', 160),
(404, 62, 1, '2024-03-13 13:30:00', 160),
(405, 63, 1, '2024-03-13 13:30:00', 160),
(406, 14, 2, '2024-03-13 13:30:00', 161), 
(407, 69, 1, '2024-03-14 10:30:00', 162),
(408, 6, 1, '2024-03-14 10:30:00', 162),
(409, 41, 1, '2024-03-14 10:30:00', 162),
(410, 22, 1, '2024-03-14 12:00:00', 163),
(411, 43, 1, '2024-03-14 12:00:00', 163),
(412, 84, 2, '2024-03-14 12:00:00', 163),
(413, 26, 1, '2024-03-14 13:30:00', 164),
(414, 66, 1, '2024-03-14 13:30:00', 164),
(415, 47, 1, '2024-03-14 13:30:00', 164),
(416, 48, 1, '2024-03-14 15:00:00', 165),
(417, 69, 1, '2024-03-14 15:00:00', 165),
(418, 10, 1, '2024-03-14 15:00:00', 165),
(419, 61, 1, '2024-03-14 16:30:00', 166),
(420, 22, 2, '2024-03-14 16:30:00', 166),
(421, 33, 1, '2024-03-14 16:30:00', 166),
(422, 64, 1, '2024-03-14 18:00:00', 167),
(423, 15, 1, '2024-03-14 18:00:00', 167),
(424, 97, 1, '2024-03-14 18:00:00', 167),
(425, 2, 1, '2024-03-15 09:30:00', 168),
(426, 67, 2, '2024-03-15 09:30:00', 168),
(427, 89, 1, '2024-03-15 09:30:00', 168),
(428, 66, 2, '2024-03-15 11:00:00', 169),
(429, 61, 1, '2024-03-15 11:00:00', 169),
(430, 6, 1, '2024-03-15 11:00:00', 169),
(431, 71, 1, '2024-03-17 16:30:00', 170),
(432, 12, 2, '2024-03-17 16:30:00', 170),
(433, 73, 1, '2024-03-17 16:30:00', 170),
(434, 12, 1, '2024-03-17 17:30:00', 171),
(435, 75, 1, '2024-03-17 17:30:00', 171),
(436, 76, 1, '2024-03-17 17:30:00', 171),
(437, 67, 1, '2024-03-17 18:30:00', 172),
(438, 18, 2, '2024-03-17 18:30:00', 172),
(439, 59, 1, '2024-03-17 18:30:00', 172),
(440, 80, 1, '2024-03-17 19:30:00', 173),
(441, 61, 1, '2024-03-17 19:30:00', 173),
(442, 12, 1, '2024-03-17 19:30:00', 173),
(443, 68, 1, '2024-03-17 20:30:00', 174),
(444, 14, 2, '2024-03-17 20:30:00', 174),
(445, 85, 1, '2024-03-17 20:30:00', 174),
(446, 86, 1, '2024-03-17 21:30:00', 175),
(447, 17, 1, '2024-03-17 21:30:00', 175),
(448, 88, 1, '2024-03-17 21:30:00', 175),
(449, 69, 1, '2024-03-19 04:30:00', 176),
(450, 6, 1, '2024-03-19 04:30:00', 176),
(451, 97, 1, '2024-03-19 04:30:00', 176),
(452, 98, 1, '2024-03-19 05:30:00', 177),
(453, 69, 1, '2024-03-19 05:30:00', 177),
(454, 10, 1, '2024-03-19 05:30:00', 177),
(455, 70, 1, '2024-03-19 06:30:00', 178),
(456, 12, 2, '2024-03-19 06:30:00', 178),
(457, 79, 1, '2024-03-19 06:30:00', 178),
(458, 74, 1, '2024-03-19 07:30:00', 179),
(459, 84, 1, '2024-03-19 07:30:00', 179),
(460, 7, 2, '2024-03-19 07:30:00', 179),
(461, 78, 1, '2024-03-19 08:30:00', 180),
(462, 49, 1, '2024-03-19 08:30:00', 180),
(463, 30, 1, '2024-03-19 08:30:00', 180),
(464, 71, 1, '2024-03-19 19:30:00', 181),
(465, 73, 1, '2024-03-19 19:30:00', 181),
(466, 86, 1, '2024-03-19 19:30:00', 181),
(467, 65, 1, '2024-03-19 20:30:00', 182),
(468, 18, 2, '2024-03-19 20:30:00', 182),
(469, 119, 1, '2024-03-19 20:30:00', 182),
(470, 14, 2, '2024-03-20 18:30:00', 183),
(471, 75, 1, '2024-03-20 18:30:00', 183),
(472, 79, 1, '2024-03-20 19:30:00', 184),
(473, 87, 1, '2024-03-20 19:30:00', 184),
(474, 28, 1, '2024-03-20 19:30:00', 184),
(475, 79, 1, '2024-03-20 20:30:00', 185),
(476, 20, 2, '2024-03-20 20:30:00', 185),
(477, 101, 1, '2024-03-20 20:30:00', 185),
(478, 30, 1, '2024-03-20 21:30:00', 186),
(479, 89, 1, '2024-03-20 21:30:00', 186),
(480, 47, 1, '2024-03-20 21:30:00', 186),
(481, 56, 1, '2024-03-20 22:30:00', 187),
(482, 15, 2, '2024-03-20 22:30:00', 187),
(483, 18, 1, '2024-03-20 22:30:00', 187),
(484, 67, 1, '2024-03-20 23:30:00', 188),
(485, 71, 1, '2024-03-20 23:30:00', 188),
(486, 9, 1, '2024-03-20 23:30:00', 188),
(487, 1, 1, '2024-04-21 00:30:00', 189),
(488, 42, 1, '2024-04-21 00:30:00', 189),
(489, 93, 1, '2024-04-21 00:30:00', 189),
(490, 14, 2, '2024-04-21 01:30:00', 190),
(491, 75, 1, '2024-04-21 01:30:00', 190),
(492, 86, 1, '2024-03-21 01:30:00', 190),
(493, 87, 1, '2024-04-21 02:30:00', 191),
(494, 31, 1, '2024-04-21 02:30:00', 191),
(495, 69, 1, '2024-04-21 02:30:00', 191),
(496, 37, 1, '2024-04-21 12:30:00', 193),
(497, 113, 1, '2024-04-21 13:00:00', 194),
(498, 114, 1, '2024-04-21 13:30:00', 195),
(500, 104, 1, '2024-04-21 14:00:00', 196),
(501, 103, 1, '2024-04-21 17:00:00', 197),
(502, 92, 1, '2024-04-21 17:00:00', 197),
(503, 93, 1, '2024-04-21 17:30:00', 198),
(504, 94, 1, '2024-04-21 17:30:00', 198),
(505, 83, 1, '2024-04-21 17:30:00', 199),
(506, 84, 1, '2024-04-21 17:30:00', 199),
(507, 76, 1, '2024-04-21 17:30:00', 199),
(508, 62, 1, '2024-04-21 18:00:00', 200);
